start_date,end_date,customer_id,location_id,contract_id
2021-04-15,2030-08-14,C-4703,L-67279,A-48731
2022-12-15,2033-12-14,C-67179,L-65920,A-79646
2014-05-01,2022-08-31,C-67179,L-18057,A-95967
2022-09-01,2034-08-31,C-67179,L-18057,A-89651
2016-10-01,2033-01-31,C-60922,L-10546,A-89494
2008-02-01,2022-05-31,C-87155,L-33916,A-82648
2022-06-01,2035-05-31,C-99737,L-33916,A-56103
2018-10-01,2032-09-30,C-15567,L-51837,A-13909
2023-06-01,2036-09-30,C-58246,L-40747,A-20270
2015-09-15,2025-09-14,C-96781,L-18814,A-24890
2025-09-15,2034-09-14,C-96781,L-18814,A-61954
2026-07-15,2034-03-14,C-18932,L-59990,A-4738
2019-11-01,2024-10-31,C-70206,L-90231,A-90956
2024-11-01,2035-10-31,C-70206,L-90231,A-85579
2022-01-01,2033-08-31,C-46019,L-84961,A-86304
2015-02-01,2025-01-31,C-26755,L-99954,A-80779
2025-02-01,2040-09-30,C-26755,L-99954,A-43053
2015-11-15,2027-07-14,C-86462,L-27870,A-37171
2027-07-15,2035-03-14,C-86462,L-27870,A-51776
2010-11-15,2029-11-14,C-67738,L-66451,A-22417
2029-11-15,2040-03-14,C-67738,L-66451,A-24969
2023-07-15,2031-07-14,C-21992,L-48805,A-68302
2024-10-01,2034-05-31,C-21463,L-15928,A-46040
2025-02-01,2032-01-31,C-60922,L-77594,A-6855
2025-10-15,2034-06-14,C-16305,L-46206,A-58131
2009-01-01,2022-08-31,C-26309,L-11067,A-5103
2022-09-01,2033-08-31,C-3491,L-11067,A-48507
2010-11-15,2023-07-14,C-17302,L-95683,A-23219
2023-07-15,2032-03-14,C-17302,L-95683,A-48117
2012-11-15,2020-11-14,C-15567,L-9415,A-87751
2020-11-15,2027-03-14,C-16305,L-9415,A-74292
2027-03-15,2037-07-14,C-16305,L-9415,A-66783
2018-06-15,2025-06-14,C-6913,L-5250,A-55391
2025-06-15,2037-02-14,C-12381,L-5250,A-1162
2009-03-01,2021-06-30,C-91791,L-99085,A-31139
2021-07-01,2028-06-30,C-90922,L-99085,A-37015
2028-07-01,2035-06-30,C-90922,L-99085,A-25679
2026-01-15,2034-05-14,C-26755,L-47728,A-6544
2022-01-15,2031-01-14,C-42427,L-86604,A-39958
2017-10-15,2028-10-14,C-34588,L-63820,A-83013
2028-10-15,2040-06-14,C-34588,L-63820,A-32576
2027-04-15,2038-04-14,C-57001,L-5895,A-48778
2023-02-01,2034-01-31,C-67738,L-81046,A-42968
2009-10-15,2023-06-14,C-13344,L-60833,A-22794
2023-06-15,2035-06-14,C-13344,L-60833,A-30689
2025-11-01,2039-10-31,C-35511,L-49502,A-60033
2010-07-15,2018-07-14,C-97793,L-71872,A-66324
2019-01-15,2029-05-14,C-97793,L-71872,A-78819
2029-05-15,2038-01-14,C-97793,L-71872,A-86837
2021-06-15,2035-02-14,C-73298,L-79361,A-3913
2019-07-01,2029-06-30,C-52388,L-28715,A-30885
2029-07-01,2045-10-31,C-52388,L-28715,A-13671
2020-08-15,2025-12-14,C-78270,L-54999,A-22467
2025-12-15,2036-08-14,C-78270,L-54999,A-60506
2012-11-01,2022-06-30,C-78270,L-79990,A-8402
2022-07-01,2031-02-28,C-78270,L-79990,A-64719
2012-02-15,2020-10-14,C-46788,L-38017,A-88605
2020-10-15,2028-10-14,C-46788,L-38017,A-72781
2028-10-15,2038-02-14,C-34608,L-38017,A-23807
2021-05-15,2032-09-14,C-52388,L-2976,A-67461
2017-08-01,2024-11-30,C-60922,L-99367,A-14107
2024-12-01,2036-07-31,C-60922,L-99367,A-42639
2026-03-01,2035-10-31,C-56274,L-14897,A-7674
2017-11-01,2029-10-31,C-55767,L-14158,A-98582
2029-11-01,2042-02-28,C-55767,L-14158,A-14113
2022-05-01,2030-08-31,C-10414,L-68576,A-26588
2019-11-15,2034-07-14,C-2297,L-37309,A-78486
2020-05-15,2034-09-14,C-15567,L-6608,A-97515
2009-05-15,2019-05-14,C-34608,L-18444,A-88286
2019-05-15,2032-01-14,C-2988,L-18444,A-99034
2006-09-01,2016-08-31,C-18932,L-37282,A-59330
2016-09-01,2027-08-31,C-58246,L-37282,A-53279
2027-09-01,2033-12-31,C-58246,L-37282,A-66529
2018-08-01,2025-11-30,C-27699,L-7975,A-2899
2025-12-01,2039-03-31,C-27699,L-7975,A-38426
2025-05-15,2036-09-14,C-25879,L-45064,A-2061
2023-04-01,2031-11-30,C-7112,L-69236,A-91370
2025-02-01,2037-01-31,C-34588,L-36327,A-97653
2010-10-01,2023-01-31,C-86916,L-55235,A-44874
2023-02-01,2035-01-31,C-17302,L-55235,A-79530
2009-07-15,2020-03-14,C-56274,L-62804,A-28645
2020-03-15,2039-07-14,C-57001,L-62804,A-15806
2005-09-15,2014-05-14,C-34608,L-54238,A-40403
2014-05-15,2020-05-14,C-34608,L-54238,A-46916
2020-05-15,2029-05-14,C-34608,L-54238,A-86483
2029-05-15,2041-05-14,C-34608,L-54238,A-89513
2025-04-15,2037-08-14,C-2297,L-31203,A-92905
2025-10-01,2037-09-30,C-67738,L-37945,A-94951
2007-05-15,2016-01-14,C-12867,L-13679,A-6134
2016-01-15,2026-01-14,C-12867,L-13679,A-95756
2026-01-15,2034-09-14,C-12867,L-13679,A-83887
2012-02-15,2021-10-14,C-34608,L-3269,A-81294
2022-10-15,2036-06-14,C-34608,L-3269,A-49533
2008-12-01,2021-07-31,C-12381,L-4526,A-73344
2021-08-01,2031-11-30,C-17814,L-4526,A-28795
2017-04-15,2025-12-14,C-78120,L-40818,A-47899
2025-12-15,2039-12-14,C-73298,L-40818,A-74953
2012-07-01,2025-02-28,C-41658,L-84935,A-89449
2026-05-01,2037-08-31,C-41658,L-84935,A-21397
2020-06-15,2029-10-14,C-99737,L-77140,A-23436
2029-10-15,2038-10-14,C-13344,L-77140,A-50602
2011-12-15,2023-12-14,C-57001,L-34398,A-22220
2023-12-15,2031-04-14,C-57001,L-34398,A-3979
2020-01-01,2034-04-30,C-41443,L-79752,A-76574
2017-08-15,2021-12-14,C-67179,L-38518,A-78930
2021-12-15,2033-04-14,C-67179,L-38518,A-24626
2024-05-15,2039-05-14,C-96781,L-53783,A-16309
2016-10-01,2026-05-31,C-20601,L-36695,A-76327
2026-06-01,2034-01-31,C-20601,L-36695,A-85995
2016-12-01,2025-11-30,C-60922,L-6055,A-28200
2025-12-01,2028-11-30,C-60922,L-6055,A-42650
2028-12-01,2040-03-31,C-58338,L-6055,A-56914
2007-05-01,2015-12-31,C-34608,L-74460,A-8401
2016-01-01,2022-12-31,C-34608,L-74460,A-86078
2023-01-01,2032-04-30,C-34588,L-74460,A-97843
2009-11-15,2020-03-14,C-12867,L-52968,A-7560
2020-03-15,2031-07-14,C-12867,L-52968,A-81816
2025-02-15,2034-10-14,C-27449,L-2579,A-63492
2017-07-15,2025-03-14,C-17792,L-10779,A-14586
2025-03-15,2038-07-14,C-17792,L-10779,A-9474
2018-07-01,2034-10-31,C-13169,L-11048,A-50721
2023-07-01,2035-10-31,C-32204,L-18670,A-8668
2026-09-01,2038-08-31,C-57001,L-62694,A-15166
2015-05-15,2035-05-14,C-46019,L-13397,A-41581
2017-02-15,2033-06-14,C-13344,L-49553,A-63496
2026-01-15,2033-01-14,C-65469,L-59234,A-67075
2026-05-01,2039-12-31,C-4703,L-28299,A-65030
2010-10-15,2016-06-14,C-66167,L-90385,A-18703
2016-06-15,2030-06-14,C-66167,L-90385,A-92724
2008-06-15,2017-10-14,C-21992,L-89567,A-34528
2017-10-15,2027-02-14,C-21992,L-89567,A-90176
2027-02-15,2035-06-14,C-21992,L-89567,A-80207
2025-09-15,2037-09-14,C-99737,L-26977,A-99200
2007-01-15,2014-01-14,C-78288,L-66949,A-49210
2014-01-15,2022-05-14,C-78288,L-66949,A-51362
2022-05-15,2032-09-14,C-78288,L-66949,A-33948
2021-02-15,2028-06-14,C-86916,L-97892,A-88981
2028-06-15,2035-06-14,C-86916,L-97892,A-49925
2020-12-15,2028-08-14,C-13169,L-49361,A-50323
2028-08-15,2038-12-14,C-13169,L-49361,A-10364
2019-11-01,2029-02-28,C-73298,L-18220,A-48810
2029-03-01,2039-10-31,C-73298,L-18220,A-64823
2016-05-15,2034-09-14,C-37652,L-30184,A-85486
2025-05-15,2034-05-14,C-9942,L-32602,A-61831
2010-01-15,2022-09-14,C-58246,L-82904,A-7504
2023-09-15,2030-09-14,C-57016,L-82904,A-17106
2007-11-15,2017-07-14,C-16305,L-67189,A-51059
2017-07-15,2025-11-14,C-16305,L-67189,A-88209
2027-02-15,2045-10-14,C-27449,L-67189,A-57346
2017-05-15,2026-01-14,C-4703,L-97862,A-5403
2026-01-15,2039-09-14,C-4703,L-97862,A-72132
2022-12-01,2032-11-30,C-16305,L-13840,A-1350
2006-05-15,2019-01-14,C-58246,L-24564,A-80027
2020-02-15,2037-02-14,C-58246,L-24564,A-16767
2010-02-15,2016-06-14,C-80549,L-50143,A-71001
2016-06-15,2028-10-14,C-80549,L-50143,A-50981
2028-10-15,2036-10-14,C-80549,L-50143,A-94834
2009-12-15,2023-12-14,C-21255,L-31916,A-32505
2024-08-15,2042-12-14,C-21255,L-31916,A-56325
2019-02-01,2030-05-31,C-35511,L-89526,A-32390
2021-06-01,2029-05-31,C-3491,L-80732,A-88365
2029-06-01,2040-01-31,C-86916,L-80732,A-45960
2007-02-01,2016-01-31,C-70206,L-71747,A-45263
2016-02-01,2034-09-30,C-70206,L-71747,A-43633
2005-09-01,2015-04-30,C-45838,L-29342,A-53341
2015-05-01,2022-12-31,C-45838,L-29342,A-32556
2023-01-01,2031-04-30,C-45838,L-29342,A-92398
2015-09-15,2029-09-14,C-58246,L-85172,A-14979
2029-09-15,2038-01-14,C-58246,L-85172,A-61613
2010-09-15,2017-09-14,C-12867,L-50422,A-84818
2018-11-15,2029-03-14,C-12867,L-50422,A-48062
2018-02-01,2029-05-31,C-86462,L-2246,A-62500
2029-06-01,2038-01-31,C-17792,L-2246,A-59153
2024-08-15,2035-04-14,C-80549,L-50321,A-55201
2022-06-15,2029-06-14,C-55767,L-37045,A-65409
2029-06-15,2038-10-14,C-26755,L-37045,A-80838
2020-11-01,2033-06-30,C-56274,L-34054,A-89125
2021-11-01,2038-06-30,C-80549,L-25739,A-95440
2007-01-01,2014-08-31,C-9565,L-62467,A-29904
2017-03-01,2024-02-29,C-9565,L-62467,A-28604
2024-03-01,2036-06-30,C-9565,L-62467,A-28486
2023-01-15,2034-05-14,C-90922,L-50307,A-25754
2015-05-01,2026-08-31,C-24778,L-29459,A-85674
2026-09-01,2038-12-31,C-24778,L-29459,A-31647
2021-04-15,2033-08-14,C-86462,L-37212,A-33235
2016-03-01,2030-10-31,C-39316,L-30812,A-54478
2014-06-15,2022-10-14,C-26309,L-75115,A-871
2022-10-15,2032-02-14,C-26309,L-75115,A-33885
2025-11-15,2041-07-14,C-42427,L-38431,A-80747
2027-06-15,2042-02-14,C-16887,L-17993,A-36469
2019-05-15,2029-01-14,C-66167,L-33244,A-22797
2029-01-15,2042-01-14,C-66167,L-33244,A-16407
2017-11-15,2030-11-14,C-55767,L-11779,A-91738
2007-08-01,2021-03-31,C-91791,L-37654,A-59217
2021-04-01,2029-03-31,C-91791,L-37654,A-57631
2029-04-01,2043-07-31,C-91791,L-37654,A-55894
2020-02-01,2028-09-30,C-56274,L-53351,A-34951
2029-07-01,2038-06-30,C-56274,L-53351,A-42070
2025-12-15,2038-08-14,C-81128,L-69379,A-55547
2006-04-15,2012-08-14,C-78120,L-35930,A-68530
2014-05-15,2023-09-14,C-78120,L-35930,A-99156
2023-09-15,2036-01-14,C-78120,L-35930,A-81401
2026-03-01,2041-02-28,C-87155,L-65664,A-38824
2006-06-01,2013-09-30,C-10305,L-15338,A-98576
2013-10-01,2025-05-31,C-10305,L-15338,A-60881
2025-06-01,2032-01-31,C-10305,L-15338,A-59994
2016-12-01,2027-03-31,C-86462,L-72419,A-76383
2027-04-01,2041-03-31,C-86462,L-72419,A-95386
2005-11-15,2015-07-14,C-52388,L-89323,A-93929
2015-07-15,2025-11-14,C-52388,L-89323,A-42916
2025-11-15,2038-11-14,C-52388,L-89323,A-76757
2007-10-01,2021-09-30,C-90808,L-61588,A-23863
2021-10-01,2037-01-31,C-90808,L-61588,A-63297
2013-04-15,2026-12-14,C-70206,L-83356,A-59083
2026-12-15,2036-04-14,C-70206,L-83356,A-58213
2022-03-15,2032-03-14,C-4703,L-12827,A-77428
2023-08-15,2038-04-14,C-46019,L-93415,A-40875
2017-04-01,2029-03-31,C-34608,L-60391,A-31631
2007-06-01,2017-01-31,C-91791,L-89756,A-77298
2017-02-01,2036-05-31,C-91791,L-89756,A-13199
2009-08-15,2019-08-14,C-3491,L-59716,A-88151
2019-08-15,2027-04-14,C-3491,L-59716,A-18389
2027-04-15,2038-12-14,C-3491,L-59716,A-84520
2022-05-01,2035-08-31,C-73298,L-4966,A-6681
2019-08-01,2027-07-31,C-20601,L-44900,A-60953
2027-08-01,2037-07-31,C-20601,L-44900,A-85025
2024-09-01,2038-04-30,C-18932,L-82146,A-22919
2024-01-01,2032-04-30,C-57001,L-35557,A-95047
2007-12-01,2017-07-31,C-32204,L-96252,A-43414
2017-08-01,2025-11-30,C-80549,L-96252,A-15141
2025-12-01,2034-11-30,C-57001,L-96252,A-81873
2024-12-01,2034-07-31,C-73298,L-74218,A-99340
2008-04-15,2025-12-14,C-32204,L-36505,A-91268
2025-12-15,2034-04-14,C-32204,L-36505,A-99366
2011-07-01,2018-02-28,C-35511,L-15204,A-5919
2018-03-01,2027-10-31,C-35511,L-15204,A-16276
2027-11-01,2044-06-30,C-35511,L-15204,A-4728
2009-08-01,2015-03-31,C-46019,L-48126,A-94635
2015-04-01,2022-03-31,C-46019,L-48126,A-23437
2023-09-01,2031-12-31,C-46019,L-48126,A-96173
2013-01-01,2023-12-31,C-91579,L-41172,A-72011
2024-01-01,2033-12-31,C-52399,L-41172,A-30897
2026-05-15,2036-09-14,C-9432,L-54129,A-38214
2025-10-01,2036-09-30,C-34588,L-94992,A-69704
2016-05-15,2025-01-14,C-41658,L-81773,A-61417
2026-03-15,2034-07-14,C-41658,L-81773,A-51891
2016-08-15,2024-12-14,C-78288,L-69476,A-49559
2024-12-15,2040-04-14,C-78288,L-69476,A-84817
2026-05-15,2040-05-14,C-58246,L-17967,A-14342
2009-06-15,2017-02-14,C-18493,L-95120,A-77562
2017-02-15,2030-02-14,C-57016,L-95120,A-7282
2017-11-01,2026-02-28,C-6913,L-80250,A-93089
2026-03-01,2038-02-28,C-6913,L-80250,A-88929
2014-11-01,2020-06-30,C-17792,L-73906,A-75678
2021-09-01,2030-12-31,C-21255,L-73906,A-7262
2021-07-15,2032-03-14,C-15337,L-9181,A-9542
2022-08-15,2030-12-14,C-58246,L-74352,A-25426
2024-10-01,2034-09-30,C-86916,L-84979,A-62856
2017-12-01,2032-07-31,C-78288,L-96470,A-80673
2018-10-01,2034-01-31,C-78270,L-44647,A-36391
2018-06-01,2028-01-31,C-13169,L-3417,A-20275
2028-02-01,2037-05-31,C-13169,L-3417,A-77768
2012-10-01,2024-09-30,C-46999,L-39231,A-82657
2024-10-01,2034-01-31,C-26755,L-39231,A-36455
2011-01-15,2024-09-14,C-65121,L-67765,A-43815
2024-09-15,2033-01-14,C-65121,L-67765,A-87635
2011-02-15,2019-02-14,C-60947,L-12771,A-59610
2019-02-15,2023-06-14,C-60947,L-12771,A-80394
2023-06-15,2034-10-14,C-60947,L-12771,A-72395
2014-02-15,2023-10-14,C-9565,L-1864,A-66697
2023-10-15,2037-02-14,C-9565,L-1864,A-85605
2017-03-01,2025-10-31,C-60947,L-85636,A-65475
2025-11-01,2036-06-30,C-60947,L-85636,A-41279
2008-09-15,2017-09-14,C-12381,L-36442,A-82833
2017-09-15,2028-09-14,C-12381,L-36442,A-83045
2028-09-15,2039-01-14,C-12381,L-36442,A-86315
2017-04-01,2028-07-31,C-2988,L-70972,A-8728
2028-08-01,2042-11-30,C-2988,L-70972,A-98663
2010-10-15,2018-02-14,C-18932,L-62742,A-97784
2018-02-15,2030-10-14,C-18932,L-62742,A-663
2025-03-01,2038-06-30,C-16215,L-42925,A-83853
2008-04-15,2021-12-14,C-2988,L-50144,A-58608
2021-12-15,2031-04-14,C-88820,L-50144,A-93374
2020-07-15,2031-07-14,C-56274,L-82006,A-49315
2026-02-01,2032-05-31,C-66167,L-18510,A-70575
2012-04-15,2020-08-14,C-18932,L-48651,A-89094
2020-08-15,2026-08-14,C-18932,L-48651,A-45595
2026-08-15,2037-12-14,C-18932,L-48651,A-42226
2006-03-15,2012-03-14,C-12381,L-86648,A-9221
2012-03-15,2020-07-14,C-12381,L-86648,A-83254
2020-07-15,2029-07-14,C-12381,L-86648,A-58015
2029-07-15,2038-11-14,C-12381,L-86648,A-55639
2015-12-15,2028-08-14,C-86916,L-55109,A-97514
2028-08-15,2037-08-14,C-86916,L-55109,A-18933
2011-12-01,2021-11-30,C-20601,L-1020,A-8799
2021-12-01,2030-11-30,C-20601,L-1020,A-22656
2018-06-15,2029-02-14,C-70206,L-92460,A-83590
2029-02-15,2042-02-14,C-35511,L-92460,A-95736
2018-05-01,2028-12-31,C-46019,L-34612,A-39619
2029-01-01,2040-08-31,C-46019,L-34612,A-7554
2026-04-15,2040-12-14,C-46999,L-93768,A-32509
2018-01-01,2029-08-31,C-12381,L-87190,A-6584
2029-09-01,2040-08-31,C-12381,L-87190,A-54668
2011-12-01,2024-07-31,C-55767,L-97220,A-93255
2024-08-01,2039-03-31,C-58338,L-97220,A-87525
2017-01-01,2025-08-31,C-18932,L-74079,A-75605
2025-09-01,2038-12-31,C-46788,L-74079,A-74625
2015-06-01,2025-09-30,C-86462,L-96281,A-43398
2025-10-01,2033-09-30,C-86462,L-96281,A-69435
2010-02-15,2023-02-14,C-93738,L-7229,A-82008
2024-12-15,2033-08-14,C-93738,L-7229,A-54002
2007-09-15,2020-01-14,C-16887,L-29323,A-25820
2020-01-15,2032-05-14,C-16887,L-29323,A-89393
2013-05-01,2030-04-30,C-13169,L-55643,A-33123
2017-08-15,2026-08-14,C-67738,L-69752,A-56233
2026-08-15,2036-04-14,C-67738,L-69752,A-15893
2017-11-01,2028-02-29,C-6913,L-16150,A-64941
2028-03-01,2034-06-30,C-91791,L-16150,A-61448
2023-08-01,2035-07-31,C-24778,L-15057,A-51053
2018-08-15,2028-12-14,C-3491,L-12752,A-9585
2028-12-15,2038-08-14,C-9565,L-12752,A-40612
2014-08-15,2031-12-14,C-97793,L-31873,A-21666
2023-03-01,2038-10-31,C-6913,L-58894,A-2117
2013-04-15,2022-12-14,C-77065,L-42483,A-37964
2022-12-15,2032-08-14,C-16215,L-42483,A-65028
2012-07-01,2023-02-28,C-78270,L-85181,A-63121
2023-03-01,2032-02-29,C-78270,L-85181,A-99546
2020-10-15,2026-10-14,C-81128,L-49945,A-51046
2026-10-15,2038-06-14,C-81128,L-49945,A-71043
2020-05-15,2027-01-14,C-42427,L-95060,A-55588
2027-01-15,2040-01-14,C-42427,L-95060,A-34480
2018-03-15,2026-11-14,C-32204,L-51814,A-46587
2028-07-15,2041-11-14,C-32204,L-51814,A-25173
2025-04-15,2035-12-14,C-90922,L-64649,A-22992
2024-09-15,2034-01-14,C-46788,L-63538,A-2800
2020-06-15,2035-02-14,C-41658,L-69904,A-20736
2023-08-15,2036-12-14,C-16305,L-623,A-54951
2012-04-15,2018-12-14,C-2297,L-54730,A-72107
2018-12-15,2028-08-14,C-2297,L-54730,A-87373
2029-06-15,2042-02-14,C-2297,L-54730,A-82785
2015-08-15,2025-12-14,C-53529,L-86182,A-90251
2025-12-15,2036-08-14,C-53529,L-86182,A-2920
2016-07-01,2032-10-31,C-93738,L-86469,A-39363
2022-01-15,2029-09-14,C-52388,L-52085,A-57835
2029-09-15,2035-01-14,C-52388,L-52085,A-47629
2020-08-15,2031-12-14,C-6913,L-26552,A-83432
2013-09-01,2026-04-30,C-58246,L-33406,A-38727
2026-05-01,2033-04-30,C-58246,L-33406,A-91430
2011-08-15,2021-12-14,C-86462,L-98546,A-42516
2021-12-15,2033-12-14,C-86462,L-98546,A-5803
2021-10-15,2031-02-14,C-2297,L-99931,A-88827
2025-11-15,2034-11-14,C-9565,L-13429,A-34417
2016-01-01,2027-08-31,C-17814,L-59813,A-9771
2027-09-01,2037-08-31,C-17814,L-59813,A-2643
2018-11-15,2032-07-14,C-87155,L-85171,A-83579
2006-09-01,2015-04-30,C-86916,L-82814,A-37035
2015-05-01,2023-08-31,C-86916,L-82814,A-62954
2023-09-01,2031-04-30,C-86916,L-82814,A-43539
2008-04-15,2022-04-14,C-90922,L-80582,A-84865
2022-04-15,2039-04-14,C-90922,L-80582,A-95479
2017-04-01,2029-07-31,C-13344,L-34169,A-3397
2012-04-15,2033-04-14,C-86462,L-53003,A-32876
2019-05-15,2027-05-14,C-12867,L-97557,A-32719
2027-05-15,2039-09-14,C-12867,L-97557,A-25800
2023-06-01,2028-05-31,C-60922,L-87771,A-28823
2029-02-01,2045-01-31,C-87948,L-87771,A-87036
2010-05-01,2018-12-31,C-21868,L-63639,A-40972
2019-09-01,2023-04-30,C-21868,L-63639,A-46400
2023-05-01,2038-12-31,C-21868,L-63639,A-685
2005-11-15,2017-03-14,C-57001,L-84018,A-25172
2017-03-15,2034-03-14,C-57001,L-84018,A-76925
2021-05-15,2033-05-14,C-34608,L-73045,A-25058
2023-06-15,2029-10-14,C-2988,L-30646,A-55645
2029-10-15,2038-10-14,C-2988,L-30646,A-46415
2025-01-15,2041-05-14,C-16215,L-58170,A-1492
2022-03-15,2030-03-14,C-3491,L-88695,A-54775
2009-11-15,2023-07-14,C-46999,L-18967,A-6342
2024-11-15,2033-07-14,C-46999,L-18967,A-83767
2025-11-15,2034-03-14,C-21992,L-67201,A-53972
2023-12-01,2034-03-31,C-58338,L-61836,A-99141
2017-10-01,2032-09-30,C-24985,L-74082,A-13695
2011-11-15,2018-11-14,C-16887,L-76686,A-53126
2018-11-15,2026-03-14,C-16887,L-76686,A-99679
2026-03-15,2037-03-14,C-16887,L-76686,A-4091
2009-01-01,2023-12-31,C-25879,L-12157,A-89070
2024-01-01,2034-04-30,C-86462,L-12157,A-62824
2014-12-01,2026-11-30,C-80549,L-7316,A-23386
2026-12-01,2042-07-31,C-32204,L-7316,A-18831
2012-03-01,2021-02-28,C-52399,L-79103,A-28913
2021-03-01,2030-02-28,C-52399,L-79103,A-13829
2026-06-01,2033-01-31,C-87948,L-57575,A-77008
2010-11-15,2018-07-14,C-17814,L-9132,A-27720
2018-07-15,2028-11-14,C-17814,L-9132,A-23888
2028-11-15,2039-07-14,C-17814,L-9132,A-77132
2022-12-01,2030-07-31,C-16887,L-31292,A-35851
2014-02-01,2028-01-31,C-96781,L-24565,A-81770
2028-02-01,2036-09-30,C-96781,L-24565,A-32824
2013-04-01,2020-07-31,C-85916,L-18676,A-36228
2020-08-01,2027-07-31,C-85916,L-18676,A-66092
2027-08-01,2036-11-30,C-16215,L-18676,A-1801
2026-04-01,2035-03-31,C-16305,L-84477,A-32318
2010-04-15,2019-08-14,C-35511,L-27296,A-65743
2019-08-15,2027-04-14,C-87948,L-27296,A-66278
2028-03-15,2039-07-14,C-87948,L-27296,A-12488
2023-09-01,2036-08-31,C-42427,L-38865,A-75106
2023-10-01,2040-01-31,C-16305,L-89656,A-59073
2025-08-01,2037-07-31,C-48163,L-57585,A-91172
2026-08-01,2041-11-30,C-86916,L-41744,A-92509
2012-09-01,2024-04-30,C-57001,L-26132,A-11944
2024-05-01,2032-08-31,C-17302,L-26132,A-29834
2025-06-15,2035-02-14,C-35511,L-22951,A-435
2024-10-15,2032-06-14,C-25879,L-57687,A-54937
2020-10-01,2027-09-30,C-35511,L-46885,A-64287
2027-10-01,2041-05-31,C-35511,L-46885,A-41571
