contract_id,extension,start,end,sqm,monthly_rent,term_id
A-10364,0,2028-08-15,2033-08-14,1106.0,29297.94,A-10364-0
A-10364,1,2033-08-15,2034-12-14,1106.0,28977.2,A-10364-1
A-10364,2,2034-12-15,2035-12-14,1106.0,29718.22,A-10364-2
A-10364,3,2035-12-15,2036-12-14,1106.0,29685.04,A-10364-3
A-10364,4,2036-12-15,2037-08-14,1106.0,30138.5,A-10364-4
A-10364,5,2037-08-15,2037-12-14,1106.0,30890.579999999998,A-10364-5
A-10364,6,2037-12-15,2038-12-14,1216.6000000000001,35147.57400000001,A-10364-6
A-1162,0,2025-06-15,2031-06-14,856.0,21785.2,A-1162-0
A-1162,1,2031-06-15,2032-06-14,856.0,22024.88,A-1162-1
A-1162,2,2032-06-15,2034-06-14,856.0,22684.0,A-1162-2
A-1162,3,2034-06-15,2035-10-14,856.0,22872.32,A-1162-3
A-1162,4,2035-10-15,2037-02-14,856.0,23060.64,A-1162-4
A-11944,0,2012-09-01,2019-08-31,308.0,8211.28,A-11944-0
A-11944,1,2019-09-01,2020-04-30,308.0,8346.800000000001,A-11944-1
A-11944,2,2020-05-01,2021-04-30,308.0,8497.72,A-11944-2
A-11944,3,2021-05-01,2023-04-30,308.0,8587.039999999999,A-11944-3
A-11944,4,2023-05-01,2024-04-30,308.0,8842.68,A-11944-4
A-12488,0,2028-03-15,2034-07-14,756.0,22543.920000000002,A-12488-0
A-12488,1,2034-07-15,2034-11-14,756.0,22566.600000000002,A-12488-1
A-12488,2,2034-11-15,2036-03-14,756.0,22559.04,A-12488-2
A-12488,3,2036-03-15,2037-07-14,680.4,20541.276,A-12488-3
A-12488,4,2037-07-15,2039-07-14,680.4,20895.084,A-12488-4
A-13199,0,2017-02-01,2026-01-31,826.0,25308.64,A-13199-0
A-13199,1,2026-02-01,2028-01-31,826.0,25911.620000000003,A-13199-1
A-13199,2,2028-02-01,2029-01-31,826.0,26134.64,A-13199-2
A-13199,3,2029-02-01,2030-05-31,826.0,26539.38,A-13199-3
A-13199,4,2030-06-01,2031-09-30,826.0,26663.280000000002,A-13199-4
A-13199,5,2031-10-01,2033-09-30,826.0,27092.8,A-13199-5
A-13199,6,2033-10-01,2034-09-30,826.0,27984.88,A-13199-6
A-13199,7,2034-10-01,2036-05-31,826.0,28430.920000000002,A-13199-7
A-1350,0,2022-12-01,2025-11-30,777.0,19922.28,A-1350-0
A-1350,1,2025-12-01,2027-03-31,777.0,20372.94,A-1350-1
A-1350,2,2027-04-01,2028-11-30,777.0,20808.06,A-1350-2
A-1350,3,2028-12-01,2029-07-31,777.0,21149.94,A-1350-3
A-1350,4,2029-08-01,2030-11-30,777.0,21437.43,A-1350-4
A-1350,5,2030-12-01,2032-11-30,699.3000000000001,20174.805000000004,A-1350-5
A-13671,0,2029-07-01,2040-10-31,367.0,8220.8,A-13671-0
A-13671,1,2040-11-01,2041-06-30,550.5,12711.045,A-13671-1
A-13671,2,2041-07-01,2044-06-30,605.5500000000001,14042.704500000002,A-13671-2
A-13671,3,2044-07-01,2045-10-31,605.5500000000001,14200.147500000001,A-13671-3
A-13695,0,2017-10-01,2023-01-31,870.0,22776.6,A-13695-0
A-13695,1,2023-02-01,2025-01-31,870.0,23115.9,A-13695-1
A-13695,2,2025-02-01,2026-01-31,870.0,23342.1,A-13695-2
A-13695,3,2026-02-01,2028-05-31,870.0,23742.3,A-13695-3
A-13695,4,2028-06-01,2029-09-30,870.0,24673.2,A-13695-4
A-13695,5,2029-10-01,2031-05-31,870.0,24647.1,A-13695-5
A-13695,6,2031-06-01,2032-09-30,870.0,25186.5,A-13695-6
A-13829,0,2021-03-01,2027-10-31,334.0,8360.02,A-13829-0
A-13829,1,2027-11-01,2028-02-29,334.0,8333.3,A-13829-1
A-13829,2,2028-03-01,2029-06-30,334.0,8413.460000000001,A-13829-2
A-13829,3,2029-07-01,2030-02-28,334.0,8530.36,A-13829-3
A-13909,0,2018-10-01,2025-05-31,610.0,17299.6,A-13909-0
A-13909,1,2025-06-01,2026-01-31,610.0,17629.0,A-13909-1
A-13909,2,2026-02-01,2027-09-30,610.0,17647.3,A-13909-2
A-13909,3,2027-10-01,2028-05-31,610.0,17690.0,A-13909-3
A-13909,4,2028-06-01,2030-01-31,610.0,18483.0,A-13909-4
A-13909,5,2030-02-01,2031-05-31,610.0,19080.8,A-13909-5
A-13909,6,2031-06-01,2032-09-30,549.0,17688.78,A-13909-6
A-14107,0,2017-08-01,2023-03-31,702.0,16756.74,A-14107-0
A-14107,1,2023-04-01,2024-11-30,702.0,17009.46,A-14107-1
A-14113,0,2029-11-01,2034-02-28,566.0,15434.82,A-14113-0
A-14113,1,2034-03-01,2035-02-28,566.0,15615.94,A-14113-1
A-14113,2,2035-03-01,2036-10-31,566.0,15904.6,A-14113-2
A-14113,3,2036-11-01,2038-06-30,566.0,16181.94,A-14113-3
A-14113,4,2038-07-01,2039-10-31,566.0,16634.74,A-14113-4
A-14113,5,2039-11-01,2041-06-30,566.0,16770.579999999998,A-14113-5
A-14113,6,2041-07-01,2042-02-28,566.0,16844.16,A-14113-6
A-14342,0,2026-05-15,2032-01-14,1260.0,37283.4,A-14342-0
A-14342,1,2032-01-15,2033-05-14,1260.0,37144.8,A-14342-1
A-14342,2,2033-05-15,2035-05-14,1260.0,37308.6,A-14342-2
A-14342,3,2035-05-15,2037-09-14,1260.0,37724.4,A-14342-3
A-14342,4,2037-09-15,2038-09-14,1260.0,37409.4,A-14342-4
A-14342,5,2038-09-15,2040-05-14,1260.0,38656.8,A-14342-5
A-14586,0,2017-07-15,2022-11-14,585.0,12870.0,A-14586-0
A-14586,1,2022-11-15,2023-07-14,585.0,12875.85,A-14586-1
A-14586,2,2023-07-15,2025-03-14,585.0,12998.699999999999,A-14586-2
A-1492,0,2025-01-15,2031-01-14,905.0,24742.7,A-1492-0
A-1492,1,2031-01-15,2032-05-14,905.0,24787.95,A-1492-1
A-1492,2,2032-05-15,2034-01-14,905.0,25584.35,A-1492-2
A-1492,3,2034-01-15,2035-05-14,905.0,26154.5,A-1492-3
A-1492,4,2035-05-15,2037-09-14,905.0,26245.0,A-1492-4
A-1492,5,2037-09-15,2039-01-14,905.0,26760.85,A-1492-5
A-1492,6,2039-01-15,2041-01-14,905.0,26887.55,A-1492-6
A-1492,7,2041-01-15,2041-05-14,905.0,27331.0,A-1492-7
A-14979,0,2015-09-15,2022-01-14,913.0,26084.41,A-14979-0
A-14979,1,2022-01-15,2022-09-14,913.0,26221.36,A-14979-1
A-14979,2,2022-09-15,2024-05-14,913.0,26814.81,A-14979-2
A-14979,3,2024-05-15,2025-05-14,913.0,27709.550000000003,A-14979-3
A-14979,4,2025-05-15,2026-09-14,913.0,27864.76,A-14979-4
A-14979,5,2026-09-15,2027-05-14,913.0,27636.51,A-14979-5
A-14979,6,2027-05-15,2028-09-14,913.0,28138.66,A-14979-6
A-14979,7,2028-09-15,2029-09-14,913.0,28786.89,A-14979-7
A-15141,0,2017-08-01,2024-11-30,875.0,24858.75,A-15141-0
A-15141,1,2024-12-01,2025-11-30,787.5,22459.5,A-15141-1
A-15166,0,2026-09-01,2031-12-31,590.0,16000.800000000001,A-15166-0
A-15166,1,2032-01-01,2032-12-31,590.0,16048.0,A-15166-1
A-15166,2,2033-01-01,2034-12-31,649.0,18275.84,A-15166-2
A-15166,3,2035-01-01,2036-12-31,584.1,16757.829,A-15166-3
A-15166,4,2037-01-01,2038-08-31,584.1,16921.377,A-15166-4
A-15806,0,2020-03-15,2026-11-14,1540.0,41379.8,A-15806-0
A-15806,1,2026-11-15,2028-07-14,1540.0,41795.6,A-15806-1
A-15806,2,2028-07-15,2030-11-14,1540.0,41826.4,A-15806-2
A-15806,3,2030-11-15,2032-03-14,1540.0,43335.6,A-15806-3
A-15806,4,2032-03-15,2034-03-14,1540.0,43166.200000000004,A-15806-4
A-15806,5,2034-03-15,2035-03-14,1540.0,43720.6,A-15806-5
A-15806,6,2035-03-15,2037-07-14,1540.0,44044.0,A-15806-6
A-15806,7,2037-07-15,2038-11-14,1540.0,44398.2,A-15806-7
A-15806,8,2038-11-15,2039-07-14,1540.0,44798.6,A-15806-8
A-15893,0,2026-08-15,2030-04-14,856.0,21870.8,A-15893-0
A-15893,1,2030-04-15,2031-08-14,856.0,22384.399999999998,A-15893-1
A-15893,2,2031-08-15,2033-04-14,856.0,22624.079999999998,A-15893-2
A-15893,3,2033-04-15,2034-12-14,856.0,22838.079999999998,A-15893-3
A-15893,4,2034-12-15,2036-04-14,856.0,23445.84,A-15893-4
A-16276,0,2018-03-01,2025-06-30,777.0,18764.55,A-16276-0
A-16276,1,2025-07-01,2025-10-31,777.0,19090.89,A-16276-1
A-16276,2,2025-11-01,2027-10-31,777.0,19370.61,A-16276-2
A-16309,0,2024-05-15,2029-09-14,676.0,20793.760000000002,A-16309-0
A-16309,1,2029-09-15,2030-05-14,676.0,21395.399999999998,A-16309-1
A-16309,2,2030-05-15,2032-01-14,676.0,21246.68,A-16309-2
A-16309,3,2032-01-15,2032-05-14,338.0,10819.38,A-16309-3
A-16309,4,2032-05-15,2034-01-14,338.0,10782.199999999999,A-16309-4
A-16309,5,2034-01-15,2035-09-14,338.0,10978.24,A-16309-5
A-16309,6,2035-09-15,2036-05-14,338.0,11096.539999999999,A-16309-6
A-16309,7,2036-05-15,2038-01-14,338.0,11417.640000000001,A-16309-7
A-16309,8,2038-01-15,2039-05-14,338.0,11603.539999999999,A-16309-8
A-16407,0,2029-01-15,2036-01-14,719.0,20426.79,A-16407-0
A-16407,1,2036-01-15,2038-01-14,719.0,20779.1,A-16407-1
A-16407,2,2038-01-15,2038-09-14,790.9000000000001,23829.817000000003,A-16407-2
A-16407,3,2038-09-15,2040-09-14,790.9000000000001,24098.723,A-16407-3
A-16407,4,2040-09-15,2041-05-14,790.9000000000001,24446.719000000005,A-16407-4
A-16407,5,2041-05-15,2042-01-14,790.9000000000001,24517.9,A-16407-5
A-16767,0,2020-02-15,2028-06-14,293.0,8581.97,A-16767-0
A-16767,1,2028-06-15,2029-10-14,293.0,8655.22,A-16767-1
A-16767,2,2029-10-15,2031-06-14,293.0,8713.82,A-16767-2
A-16767,3,2031-06-15,2034-06-14,293.0,8819.300000000001,A-16767-3
A-16767,4,2034-06-15,2036-02-14,293.0,9044.91,A-16767-4
A-16767,5,2036-02-15,2037-02-14,293.0,9238.29,A-16767-5
A-17106,0,2023-09-15,2029-09-14,1450.0,40730.5,A-17106-0
A-17106,1,2029-09-15,2030-09-14,1450.0,41136.5,A-17106-1
A-1801,0,2027-08-01,2031-03-31,776.0,20214.8,A-1801-0
A-1801,1,2031-04-01,2032-11-30,776.0,20051.84,A-1801-1
A-1801,2,2032-12-01,2035-11-30,776.0,20393.280000000002,A-1801-2
A-1801,3,2035-12-01,2036-11-30,931.1999999999999,24704.736,A-1801-3
A-18389,0,2019-08-15,2025-04-14,999.0,26153.82,A-18389-0
A-18389,1,2025-04-15,2025-08-14,999.0,26573.4,A-18389-1
A-18389,2,2025-08-15,2027-04-14,999.0,26513.46,A-18389-2
A-18703,0,2010-10-15,2016-06-14,1018.0,27781.219999999998,A-18703-0
A-18831,0,2026-12-01,2036-03-31,895.0,27387.0,A-18831-0
A-18831,1,2036-04-01,2037-03-31,716.0,22375.0,A-18831-1
A-18831,2,2037-04-01,2038-11-30,716.0,22324.88,A-18831-2
A-18831,3,2038-12-01,2040-03-31,716.0,22389.32,A-18831-3
A-18831,4,2040-04-01,2040-11-30,716.0,22639.920000000002,A-18831-4
A-18831,5,2040-12-01,2042-07-31,716.0,22589.8,A-18831-5
A-18933,0,2028-08-15,2033-12-14,522.0,15806.16,A-18933-0
A-18933,1,2033-12-15,2035-12-14,522.0,16119.359999999999,A-18933-1
A-18933,2,2035-12-15,2037-08-14,522.0,16333.38,A-18933-2
A-20270,0,2023-06-01,2032-05-31,762.0,24033.48,A-20270-0
A-20270,1,2032-06-01,2033-05-31,762.0,24140.16,A-20270-1
A-20270,2,2033-06-01,2035-01-31,762.0,25290.78,A-20270-2
A-20270,3,2035-02-01,2036-09-30,762.0,25603.2,A-20270-3
A-20275,0,2018-06-01,2023-01-31,938.0,25748.1,A-20275-0
A-20275,1,2023-02-01,2024-01-31,938.0,27183.24,A-20275-1
A-20275,2,2024-02-01,2026-05-31,938.0,28224.42,A-20275-2
A-20275,3,2026-06-01,2028-01-31,938.0,28543.34,A-20275-3
A-2061,0,2025-05-15,2035-01-14,809.0,26171.15,A-2061-0
A-2061,1,2035-01-15,2036-09-14,809.0,26252.050000000003,A-2061-1
A-20736,0,2020-06-15,2028-02-14,721.0,19474.210000000003,A-20736-0
A-20736,1,2028-02-15,2029-06-14,721.0,19813.08,A-20736-1
A-20736,2,2029-06-15,2030-06-14,576.8000000000001,15735.104000000003,A-20736-2
A-20736,3,2030-06-15,2031-10-14,288.40000000000003,8109.808000000001,A-20736-3
A-20736,4,2031-10-15,2033-10-14,288.40000000000003,8000.216,A-20736-4
A-20736,5,2033-10-15,2035-02-14,288.40000000000003,8078.084000000002,A-20736-5
A-2117,0,2023-03-01,2029-06-30,1345.0,34324.4,A-2117-0
A-2117,1,2029-07-01,2030-10-31,1345.0,35346.6,A-2117-1
A-2117,2,2030-11-01,2031-06-30,1345.0,35790.45,A-2117-2
A-2117,3,2031-07-01,2033-10-31,1345.0,37525.5,A-2117-3
A-2117,4,2033-11-01,2034-10-31,1345.0,37592.75,A-2117-4
A-2117,5,2034-11-01,2036-02-29,1345.0,39677.5,A-2117-5
A-2117,6,2036-03-01,2037-02-28,1345.0,39852.35,A-2117-6
A-2117,7,2037-03-01,2038-10-31,1345.0,39852.35,A-2117-7
A-21397,0,2026-05-01,2033-08-31,244.0,6561.16,A-21397-0
A-21397,1,2033-09-01,2034-12-31,244.0,6619.719999999999,A-21397-1
A-21397,2,2035-01-01,2036-04-30,122.0,3345.2400000000002,A-21397-2
A-21397,3,2036-05-01,2037-08-31,122.0,3453.8199999999997,A-21397-3
A-21666,0,2014-08-15,2021-12-14,1385.0,36647.1,A-21666-0
A-21666,1,2021-12-15,2023-08-14,1385.0,37201.1,A-21666-1
A-21666,2,2023-08-15,2025-04-14,1385.0,37561.200000000004,A-21666-2
A-21666,3,2025-04-15,2026-12-14,1662.0,44990.340000000004,A-21666-3
A-21666,4,2026-12-15,2027-12-14,1662.0,45339.36,A-21666-4
A-21666,5,2027-12-15,2028-08-14,1662.0,45854.58,A-21666-5
A-21666,6,2028-08-15,2029-08-14,1662.0,47217.42,A-21666-6
A-21666,7,2029-08-15,2030-08-14,1662.0,48812.94,A-21666-7
A-21666,8,2030-08-15,2031-12-14,1662.0,50026.200000000004,A-21666-8
A-22220,0,2011-12-15,2019-12-14,700.0,16485.0,A-22220-0
A-22220,1,2019-12-15,2022-04-14,700.0,16436.0,A-22220-1
A-22220,2,2022-04-15,2023-12-14,700.0,16513.0,A-22220-2
A-22417,0,2010-11-15,2016-07-14,487.0,11171.78,A-22417-0
A-22417,1,2016-07-15,2017-11-14,487.0,11239.96,A-22417-1
A-22417,2,2017-11-15,2021-03-14,487.0,11624.69,A-22417-2
A-22417,3,2021-03-15,2022-07-14,487.0,11814.62,A-22417-3
A-22417,4,2022-07-15,2023-07-14,487.0,12116.56,A-22417-4
A-22417,5,2023-07-15,2024-07-14,487.0,12199.35,A-22417-5
A-22417,6,2024-07-15,2026-07-14,487.0,12652.26,A-22417-6
A-22417,7,2026-07-15,2028-03-14,487.0,12793.49,A-22417-7
A-22417,8,2028-03-15,2029-11-14,487.0,13173.35,A-22417-8
A-22467,0,2020-08-15,2025-12-14,426.0,12754.44,A-22467-0
A-22656,0,2021-12-01,2027-07-31,844.0,22095.92,A-22656-0
A-22656,1,2027-08-01,2028-07-31,844.0,22205.64,A-22656-1
A-22656,2,2028-08-01,2029-03-31,844.0,23581.36,A-22656-2
A-22656,3,2029-04-01,2030-11-30,844.0,24138.4,A-22656-3
A-22794,0,2009-10-15,2017-06-14,538.0,13622.16,A-22794-0
A-22794,1,2017-06-15,2021-02-14,538.0,13837.359999999999,A-22794-1
A-22794,2,2021-02-15,2021-10-14,538.0,14278.52,A-22794-2
A-22794,3,2021-10-15,2023-06-14,538.0,14864.939999999999,A-22794-3
A-22797,0,2019-05-15,2025-01-14,483.0,15422.19,A-22797-0
A-22797,1,2025-01-15,2026-01-14,483.0,15740.970000000001,A-22797-1
A-22797,2,2026-01-15,2029-01-14,483.0,16035.600000000002,A-22797-2
A-22919,0,2024-09-01,2034-04-30,822.0,19711.56,A-22919-0
A-22919,1,2034-05-01,2035-12-31,822.0,20147.22,A-22919-1
A-22919,2,2036-01-01,2038-04-30,822.0,21002.100000000002,A-22919-2
A-22992,0,2025-04-15,2032-12-14,692.0,20704.64,A-22992-0
A-22992,1,2032-12-15,2034-04-14,692.0,20822.28,A-22992-1
A-22992,2,2034-04-15,2034-12-14,692.0,21099.079999999998,A-22992-2
A-22992,3,2034-12-15,2035-12-14,622.8000000000001,19107.504,A-22992-3
A-23219,0,2010-11-15,2018-07-14,475.0,11723.0,A-23219-0
A-23219,1,2018-07-15,2020-07-14,475.0,12288.25,A-23219-1
A-23219,2,2020-07-15,2023-07-14,475.0,12297.75,A-23219-2
A-23386,0,2014-12-01,2022-07-31,646.0,16240.44,A-23386-0
A-23386,1,2022-08-01,2023-07-31,646.0,16602.2,A-23386-1
A-23386,2,2023-08-01,2025-07-31,646.0,16925.2,A-23386-2
A-23386,3,2025-08-01,2026-11-30,646.0,17202.98,A-23386-3
A-23436,0,2020-06-15,2027-02-14,885.0,28550.1,A-23436-0
A-23436,1,2027-02-15,2027-10-14,885.0,29762.550000000003,A-23436-1
A-23436,2,2027-10-15,2029-02-14,885.0,29948.4,A-23436-2
A-23436,3,2029-02-15,2029-10-14,973.5000000000001,33235.29,A-23436-3
A-23437,0,2015-04-01,2020-03-31,698.0,16221.519999999999,A-23437-0
A-23437,1,2020-04-01,2020-07-31,1047.0,24489.33,A-23437-1
A-23437,2,2020-08-01,2021-03-31,1047.0,24499.8,A-23437-2
A-23437,3,2021-04-01,2022-03-31,1047.0,24311.34,A-23437-3
A-23807,0,2028-10-15,2033-06-14,990.0,30551.399999999998,A-23807-0
A-23807,1,2033-06-15,2035-02-14,990.0,30313.8,A-23807-1
A-23807,2,2035-02-15,2036-06-14,990.0,30947.4,A-23807-2
A-23807,3,2036-06-15,2038-02-14,990.0,31086.0,A-23807-3
A-23863,0,2007-10-01,2014-09-30,576.0,14434.56,A-23863-0
A-23863,1,2014-10-01,2015-09-30,518.4,13048.128,A-23863-1
A-23863,2,2015-10-01,2016-09-30,570.24,14529.7152,A-23863-2
A-23863,3,2016-10-01,2018-01-31,570.24,14717.8944,A-23863-3
A-23863,4,2018-02-01,2019-09-30,570.24,14866.1568,A-23863-4
A-23863,5,2019-10-01,2021-09-30,570.24,15362.2656,A-23863-5
A-23888,0,2018-07-15,2023-11-14,333.0,8644.68,A-23888-0
A-23888,1,2023-11-15,2025-03-14,333.0,8717.94,A-23888-1
A-23888,2,2025-03-15,2027-03-14,266.40000000000003,7011.648000000001,A-23888-2
A-23888,3,2027-03-15,2028-11-14,213.12000000000003,5760.633600000001,A-23888-3
A-24626,0,2021-12-15,2030-12-14,866.0,22238.88,A-24626-0
A-24626,1,2030-12-15,2033-04-14,952.6,24434.19,A-24626-1
A-24890,0,2015-09-15,2022-01-14,502.0,12740.76,A-24890-0
A-24890,1,2022-01-15,2023-01-14,502.0,12755.82,A-24890-1
A-24890,2,2023-01-15,2024-05-14,502.0,12891.36,A-24890-2
A-24890,3,2024-05-15,2025-09-14,502.0,12745.78,A-24890-3
A-24969,0,2029-11-15,2036-03-14,971.0,22876.76,A-24969-0
A-24969,1,2036-03-15,2038-03-14,971.0,22857.34,A-24969-1
A-24969,2,2038-03-15,2040-03-14,971.0,22886.47,A-24969-2
A-25058,0,2021-05-15,2028-05-14,1007.0,25628.149999999998,A-25058-0
A-25058,1,2028-05-15,2028-09-14,1007.0,26232.350000000002,A-25058-1
A-25058,2,2028-09-15,2030-09-14,1007.0,26967.460000000003,A-25058-2
A-25058,3,2030-09-15,2031-05-14,1007.0,27219.210000000003,A-25058-3
A-25058,4,2031-05-15,2032-01-14,1007.0,27682.429999999997,A-25058-4
A-25058,5,2032-01-15,2033-05-14,1007.0,27944.25,A-25058-5
A-25172,0,2005-11-15,2012-07-14,830.0,17064.8,A-25172-0
A-25172,1,2012-07-15,2013-03-14,830.0,17587.7,A-25172-1
A-25172,2,2013-03-15,2014-03-14,830.0,17994.4,A-25172-2
A-25172,3,2014-03-15,2015-11-14,830.0,18558.8,A-25172-3
A-25172,4,2015-11-15,2016-07-14,830.0,18708.2,A-25172-4
A-25172,5,2016-07-15,2017-03-14,830.0,19355.6,A-25172-5
A-25173,0,2028-07-15,2036-03-14,1235.0,33530.25,A-25173-0
A-25173,1,2036-03-15,2036-11-14,1235.0,33962.5,A-25173-1
A-25173,2,2036-11-15,2037-03-14,1235.0,34295.95,A-25173-2
A-25173,3,2037-03-15,2039-07-14,1235.0,34258.9,A-25173-3
A-25173,4,2039-07-15,2041-11-14,1235.0,34456.5,A-25173-4
A-25426,0,2022-08-15,2030-04-14,654.0,17886.9,A-25426-0
A-25426,1,2030-04-15,2030-12-14,654.0,17886.9,A-25426-1
A-25679,0,2028-07-01,2035-06-30,1317.0,33596.670000000006,A-25679-0
A-25754,0,2023-01-15,2030-01-14,246.0,7402.14,A-25754-0
A-25754,1,2030-01-15,2031-01-14,246.0,7473.48,A-25754-1
A-25754,2,2031-01-15,2031-09-14,246.0,7507.92,A-25754-2
A-25754,3,2031-09-15,2034-05-14,246.0,7569.42,A-25754-3
A-25800,0,2027-05-15,2033-01-14,744.0,19656.48,A-25800-0
A-25800,1,2033-01-15,2034-05-14,744.0,19716.0,A-25800-1
A-25800,2,2034-05-15,2035-09-14,744.0,20110.32,A-25800-2
A-25800,3,2035-09-15,2036-09-14,744.0,20526.96,A-25800-3
A-25800,4,2036-09-15,2037-09-14,744.0,20712.96,A-25800-4
A-25800,5,2037-09-15,2039-09-14,744.0,21189.12,A-25800-5
A-25820,0,2007-09-15,2016-01-14,453.0,14468.82,A-25820-0
A-25820,1,2016-01-15,2017-05-14,453.0,15175.5,A-25820-1
A-25820,2,2017-05-15,2018-05-14,453.0,15279.689999999999,A-25820-2
A-25820,3,2018-05-15,2020-01-14,453.0,15764.399999999998,A-25820-3
A-2643,0,2027-09-01,2035-04-30,473.0,12009.470000000001,A-2643-0
A-2643,1,2035-05-01,2036-04-30,473.0,11957.44,A-2643-1
A-2643,2,2036-05-01,2037-08-31,473.0,12104.07,A-2643-2
A-26588,0,2022-05-01,2028-12-31,1002.0,28587.06,A-26588-0
A-26588,1,2029-01-01,2030-08-31,1002.0,28587.06,A-26588-1
A-27720,0,2010-11-15,2018-07-14,552.0,13866.24,A-27720-0
A-2800,0,2024-09-15,2032-09-14,1159.0,33854.39,A-2800-0
A-2800,1,2032-09-15,2033-05-14,1159.0,34468.659999999996,A-2800-1
A-2800,2,2033-05-15,2034-01-14,927.2,28251.784,A-2800-2
A-28200,0,2016-12-01,2023-03-31,400.0,11156.0,A-28200-0
A-28200,1,2023-04-01,2023-11-30,400.0,11188.0,A-28200-1
A-28200,2,2023-12-01,2024-11-30,320.0,8969.6,A-28200-2
A-28200,3,2024-12-01,2025-11-30,320.0,9267.2,A-28200-3
A-28486,0,2024-03-01,2032-02-29,1010.0,25664.1,A-28486-0
A-28486,1,2032-03-01,2033-02-28,1010.0,26037.800000000003,A-28486-1
A-28486,2,2033-03-01,2034-02-28,1010.0,26189.3,A-28486-2
A-28486,3,2034-03-01,2035-02-28,1010.0,26391.3,A-28486-3
A-28486,4,2035-03-01,2036-06-30,1010.0,27219.5,A-28486-4
A-28604,0,2017-03-01,2024-02-29,489.0,12313.02,A-28604-0
A-28645,0,2009-07-15,2017-03-14,424.0,8988.8,A-28645-0
A-28645,1,2017-03-15,2018-11-14,424.0,9052.400000000001,A-28645-1
A-28645,2,2018-11-15,2020-03-14,212.0,4623.719999999999,A-28645-2
A-28795,0,2021-08-01,2028-03-31,499.0,13283.380000000001,A-28795-0
A-28795,1,2028-04-01,2029-07-31,499.0,13428.09,A-28795-1
A-28795,2,2029-08-01,2031-11-30,449.1,12426.597000000002,A-28795-2
A-28823,0,2023-06-01,2028-05-31,1037.0,32582.54,A-28823-0
A-28913,0,2012-03-01,2018-10-31,401.0,9936.78,A-28913-0
A-28913,1,2018-11-01,2019-06-30,401.0,9960.84,A-28913-1
A-28913,2,2019-07-01,2021-02-28,401.0,9996.93,A-28913-2
A-2899,0,2018-08-01,2025-11-30,341.0,10444.83,A-2899-0
A-2920,0,2025-12-15,2031-04-14,1252.0,37847.96,A-2920-0
A-2920,1,2031-04-15,2032-04-14,1252.0,38761.92,A-2920-1
A-2920,2,2032-04-15,2033-12-14,1252.0,40089.04,A-2920-2
A-2920,3,2033-12-15,2035-04-14,1252.0,40777.64,A-2920-3
A-2920,4,2035-04-15,2036-08-14,1878.0,61917.659999999996,A-2920-4
A-29834,0,2024-05-01,2031-08-31,1340.0,38592.0,A-29834-0
A-29834,1,2031-09-01,2032-08-31,1340.0,39262.0,A-29834-1
A-29904,0,2007-01-01,2013-04-30,825.0,21161.25,A-29904-0
A-29904,1,2013-05-01,2014-08-31,825.0,21903.75,A-29904-1
A-30689,0,2023-06-15,2031-06-14,353.0,9213.300000000001,A-30689-0
A-30689,1,2031-06-15,2031-10-14,353.0,9220.36,A-30689-1
A-30689,2,2031-10-15,2033-10-14,353.0,9375.68,A-30689-2
A-30689,3,2033-10-15,2035-06-14,353.0,9672.199999999999,A-30689-3
A-30885,0,2019-07-01,2025-06-30,1263.0,30450.93,A-30885-0
A-30885,1,2025-07-01,2026-10-31,1263.0,31031.91,A-30885-1
A-30885,2,2026-11-01,2027-06-30,1263.0,31309.77,A-30885-2
A-30885,3,2027-07-01,2029-06-30,1136.7,29554.2,A-30885-3
A-30897,0,2024-01-01,2030-08-31,399.0,10824.869999999999,A-30897-0
A-30897,1,2030-09-01,2031-04-30,399.0,11008.41,A-30897-1
A-30897,2,2031-05-01,2033-04-30,399.0,11279.73,A-30897-2
A-30897,3,2033-05-01,2033-12-31,598.5,17380.44,A-30897-3
A-31139,0,2009-03-01,2015-02-28,789.0,20648.13,A-31139-0
A-31139,1,2015-03-01,2016-10-31,631.2,16613.184,A-31139-1
A-31139,2,2016-11-01,2018-06-30,631.2,16644.744000000002,A-31139-2
A-31139,3,2018-07-01,2019-06-30,631.2,17111.832000000002,A-31139-3
A-31139,4,2019-07-01,2021-06-30,631.2,17673.600000000002,A-31139-4
A-31631,0,2017-04-01,2021-11-30,1259.0,31827.52,A-31631-0
A-31631,1,2021-12-01,2023-11-30,1259.0,33199.83,A-31631-1
A-31631,2,2023-12-01,2025-11-30,1259.0,33804.15,A-31631-2
A-31631,3,2025-12-01,2027-11-30,1259.0,35050.56,A-31631-3
A-31631,4,2027-12-01,2029-03-31,1259.0,35012.79,A-31631-4
A-31647,0,2026-09-01,2033-08-31,1385.0,38558.4,A-31647-0
A-31647,1,2033-09-01,2034-08-31,1385.0,38447.6,A-31647-1
A-31647,2,2034-09-01,2035-12-31,1385.0,38683.05,A-31647-2
A-31647,3,2036-01-01,2036-12-31,1385.0,38932.35,A-31647-3
A-31647,4,2037-01-01,2037-12-31,1385.0,39721.8,A-31647-4
A-31647,5,2038-01-01,2038-12-31,1385.0,40442.0,A-31647-5
A-32318,0,2026-04-01,2032-07-31,377.0,11472.11,A-32318-0
A-32318,1,2032-08-01,2033-07-31,377.0,11720.93,A-32318-1
A-32318,2,2033-08-01,2034-03-31,377.0,11626.68,A-32318-2
A-32318,3,2034-04-01,2035-03-31,377.0,11739.78,A-32318-3
A-32390,0,2019-02-01,2024-05-31,1451.0,38146.79,A-32390-0
A-32390,1,2024-06-01,2025-05-31,2176.5,58656.674999999996,A-32390-1
A-32390,2,2025-06-01,2026-05-31,2176.5,59200.799999999996,A-32390-2
A-32390,3,2026-06-01,2028-01-31,2611.7999999999997,71145.43199999999,A-32390-3
A-32390,4,2028-02-01,2029-01-31,2611.7999999999997,71458.848,A-32390-4
A-32390,5,2029-02-01,2029-09-30,2611.7999999999997,72973.692,A-32390-5
A-32390,6,2029-10-01,2030-05-31,2611.7999999999997,75219.84,A-32390-6
A-32505,0,2009-12-15,2016-04-14,1345.0,35548.35,A-32505-0
A-32505,1,2016-04-15,2018-04-14,1345.0,36799.2,A-32505-1
A-32505,2,2018-04-15,2018-08-14,2017.5,55319.850000000006,A-32505-2
A-32505,3,2018-08-15,2019-08-14,2017.5,56691.75,A-32505-3
A-32505,4,2019-08-15,2020-12-14,2017.5,57135.6,A-32505-4
A-32505,5,2020-12-15,2022-04-14,2017.5,57014.55,A-32505-5
A-32505,6,2022-04-15,2022-12-14,1815.75,51458.355,A-32505-6
A-32505,7,2022-12-15,2023-12-14,1815.75,51403.8825,A-32505-7
A-32509,0,2026-04-15,2037-04-14,685.0,19022.45,A-32509-0
A-32509,1,2037-04-15,2037-12-14,342.5,9600.275,A-32509-1
A-32509,2,2037-12-15,2038-12-14,342.5,9768.1,A-32509-2
A-32509,3,2038-12-15,2040-04-14,342.5,9826.325,A-32509-3
A-32509,4,2040-04-15,2040-12-14,342.5,9809.2,A-32509-4
A-32556,0,2015-05-01,2020-12-31,944.0,21910.24,A-32556-0
A-32556,1,2021-01-01,2021-08-31,944.0,21749.76,A-32556-1
A-32556,2,2021-09-01,2022-12-31,944.0,21778.08,A-32556-2
A-32576,0,2028-10-15,2033-06-14,612.0,14314.68,A-32576-0
A-32576,1,2033-06-15,2034-06-14,612.0,14663.52,A-32576-1
A-32576,2,2034-06-15,2036-02-14,612.0,14730.84,A-32576-2
A-32576,3,2036-02-15,2038-02-14,306.0,7454.16,A-32576-3
A-32576,4,2038-02-15,2039-02-14,306.0,7601.04,A-32576-4
A-32576,5,2039-02-15,2040-06-14,306.0,7668.36,A-32576-5
A-32719,0,2019-05-15,2024-05-14,524.0,13194.32,A-32719-0
A-32719,1,2024-05-15,2026-05-14,524.0,13251.96,A-32719-1
A-32719,2,2026-05-15,2027-05-14,786.0,20208.06,A-32719-2
A-32824,0,2028-02-01,2036-09-30,705.0,21509.550000000003,A-32824-0
A-32876,0,2012-04-15,2020-12-14,428.0,12245.08,A-32876-0
A-32876,1,2020-12-15,2021-12-14,428.0,12180.880000000001,A-32876-1
A-32876,2,2021-12-15,2023-08-14,428.0,12240.800000000001,A-32876-2
A-32876,3,2023-08-15,2024-12-14,428.0,12155.199999999999,A-32876-3
A-32876,4,2024-12-15,2027-04-14,428.0,12587.48,A-32876-4
A-32876,5,2027-04-15,2028-04-14,428.0,12895.64,A-32876-5
A-32876,6,2028-04-15,2030-12-14,428.0,13148.16,A-32876-6
A-32876,7,2030-12-15,2032-04-14,428.0,13503.4,A-32876-7
A-32876,8,2032-04-15,2033-04-14,428.0,13589.0,A-32876-8
A-33123,0,2013-05-01,2019-04-30,951.0,25581.899999999998,A-33123-0
A-33123,1,2019-05-01,2020-04-30,951.0,26266.620000000003,A-33123-1
A-33123,2,2020-05-01,2021-12-31,951.0,26380.739999999998,A-33123-2
A-33123,3,2022-01-01,2023-08-31,951.0,26780.16,A-33123-3
A-33123,4,2023-09-01,2024-04-30,951.0,26960.850000000002,A-33123-4
A-33123,5,2024-05-01,2026-04-30,951.0,26884.77,A-33123-5
A-33123,6,2026-05-01,2027-08-31,951.0,26951.34,A-33123-6
A-33123,7,2027-09-01,2028-12-31,951.0,28092.54,A-33123-7
A-33123,8,2029-01-01,2030-04-30,951.0,28596.57,A-33123-8
A-33235,0,2021-04-15,2030-08-14,659.0,16692.469999999998,A-33235-0
A-33235,1,2030-08-15,2031-08-14,659.0,16764.96,A-33235-1
A-33235,2,2031-08-15,2033-08-14,659.0,17166.95,A-33235-2
A-33885,0,2022-10-15,2029-02-14,924.0,26398.68,A-33885-0
A-33885,1,2029-02-15,2030-06-14,924.0,27239.52,A-33885-1
A-33885,2,2030-06-15,2032-02-14,924.0,27581.4,A-33885-2
A-33948,0,2022-05-15,2028-05-14,585.0,16877.25,A-33948-0
A-33948,1,2028-05-15,2029-01-14,585.0,17017.65,A-33948-1
A-33948,2,2029-01-15,2030-05-14,585.0,17386.2,A-33948-2
A-33948,3,2030-05-15,2031-01-14,585.0,17491.5,A-33948-3
A-33948,4,2031-01-15,2031-09-14,585.0,17678.7,A-33948-4
A-33948,5,2031-09-15,2032-09-14,585.0,17760.6,A-33948-5
A-3397,0,2017-04-01,2027-07-31,378.0,10228.68,A-3397-0
A-3397,1,2027-08-01,2028-03-31,378.0,10190.880000000001,A-3397-1
A-3397,2,2028-04-01,2028-11-30,378.0,10209.78,A-3397-2
A-3397,3,2028-12-01,2029-03-31,378.0,10334.52,A-3397-3
A-3397,4,2029-04-01,2029-07-31,378.0,10542.42,A-3397-4
A-34417,0,2025-11-15,2030-03-14,316.0,8459.32,A-34417-0
A-34417,1,2030-03-15,2031-11-14,158.0,4360.8,A-34417-1
A-34417,2,2031-11-15,2033-03-14,158.0,4425.58,A-34417-2
A-34417,3,2033-03-15,2034-03-14,158.0,4477.72,A-34417-3
A-34417,4,2034-03-15,2034-11-14,158.0,4540.92,A-34417-4
A-34480,0,2027-01-15,2032-09-14,1764.0,51985.079999999994,A-34480-0
A-34480,1,2032-09-15,2033-09-14,1764.0,53131.68,A-34480-1
A-34480,2,2033-09-15,2036-05-14,1411.2,43549.632,A-34480-2
A-34480,3,2036-05-15,2037-09-14,1411.2,43944.768000000004,A-34480-3
A-34480,4,2037-09-15,2040-01-14,1411.2,44071.776000000005,A-34480-4
A-34528,0,2008-06-15,2014-06-14,560.0,13328.0,A-34528-0
A-34528,1,2014-06-15,2015-02-14,560.0,13468.0,A-34528-1
A-34528,2,2015-02-15,2016-02-14,560.0,13703.199999999999,A-34528-2
A-34528,3,2016-02-15,2017-10-14,560.0,13927.2,A-34528-3
A-34951,0,2020-02-01,2028-09-30,801.0,19792.71,A-34951-0
A-35851,0,2022-12-01,2028-11-30,883.0,25324.44,A-35851-0
A-35851,1,2028-12-01,2030-03-31,883.0,26172.12,A-35851-1
A-35851,2,2030-04-01,2030-07-31,883.0,26101.48,A-35851-2
A-36228,0,2013-04-01,2019-03-31,497.0,13145.65,A-36228-0
A-36228,1,2019-04-01,2020-07-31,397.6,10715.32,A-36228-1
A-36391,0,2018-10-01,2027-01-31,931.0,28265.16,A-36391-0
A-36391,1,2027-02-01,2028-09-30,837.9,25690.014,A-36391-1
A-36391,2,2028-10-01,2030-05-31,1005.4799999999999,31280.482799999998,A-36391-2
A-36391,3,2030-06-01,2031-09-30,1005.4799999999999,32064.757199999996,A-36391-3
A-36391,4,2031-10-01,2034-01-31,1005.4799999999999,32899.30559999999,A-36391-4
A-36455,0,2024-10-01,2030-05-31,326.0,9502.9,A-36455-0
A-36455,1,2030-06-01,2032-01-31,326.0,9776.74,A-36455-1
A-36455,2,2032-02-01,2034-01-31,260.8,8061.328,A-36455-2
A-36469,0,2027-06-15,2033-06-14,390.0,11762.4,A-36469-0
A-36469,1,2033-06-15,2035-10-14,390.0,12054.9,A-36469-1
A-36469,2,2035-10-15,2036-10-14,390.0,11949.6,A-36469-2
A-36469,3,2036-10-15,2038-02-14,390.0,12090.0,A-36469-3
A-36469,4,2038-02-15,2039-06-14,390.0,12370.8,A-36469-4
A-36469,5,2039-06-15,2041-06-14,390.0,12659.4,A-36469-5
A-36469,6,2041-06-15,2042-02-14,390.0,12827.1,A-36469-6
A-37015,0,2021-07-01,2026-10-31,1290.0,36803.700000000004,A-37015-0
A-37015,1,2026-11-01,2028-06-30,1161.0,33169.77,A-37015-1
A-37035,0,2006-09-01,2011-12-31,359.0,9495.55,A-37035-0
A-37035,1,2012-01-01,2013-12-31,359.0,9811.47,A-37035-1
A-37035,2,2014-01-01,2015-04-30,359.0,10037.64,A-37035-2
A-37171,0,2015-11-15,2022-07-14,853.0,21742.969999999998,A-37171-0
A-37171,1,2022-07-15,2024-03-14,853.0,21725.91,A-37171-1
A-37171,2,2024-03-15,2025-03-14,853.0,22058.579999999998,A-37171-2
A-37171,3,2025-03-15,2026-11-14,853.0,22442.43,A-37171-3
A-37171,4,2026-11-15,2027-07-14,853.0,22297.420000000002,A-37171-4
A-37964,0,2013-04-15,2017-12-14,1032.0,24809.28,A-37964-0
A-37964,1,2017-12-15,2019-04-14,1032.0,25387.2,A-37964-1
A-37964,2,2019-04-15,2020-08-14,1032.0,25500.72,A-37964-2
A-37964,3,2020-08-15,2021-08-14,1032.0,25738.08,A-37964-3
A-37964,4,2021-08-15,2022-12-14,1032.0,26408.88,A-37964-4
A-38214,0,2026-05-15,2033-09-14,864.0,25842.24,A-38214-0
A-38214,1,2033-09-15,2034-01-14,864.0,26213.76,A-38214-1
A-38214,2,2034-01-15,2035-05-14,864.0,26386.559999999998,A-38214-2
A-38214,3,2035-05-15,2036-09-14,864.0,27207.359999999997,A-38214-3
A-38426,0,2025-12-01,2030-07-31,1116.0,33915.24,A-38426-0
A-38426,1,2030-08-01,2031-03-31,1227.6000000000001,38080.152,A-38426-1
A-38426,2,2031-04-01,2032-07-31,1227.6000000000001,38141.53200000001,A-38426-2
A-38426,3,2032-08-01,2034-07-31,1227.6000000000001,38399.32800000001,A-38426-3
A-38426,4,2034-08-01,2036-07-31,1227.6000000000001,39307.75200000001,A-38426-4
A-38426,5,2036-08-01,2039-03-31,1104.8400000000001,35443.2672,A-38426-5
A-38727,0,2013-09-01,2021-12-31,501.0,15776.49,A-38727-0
A-38727,1,2022-01-01,2022-12-31,501.0,16357.65,A-38727-1
A-38727,2,2023-01-01,2025-04-30,501.0,16467.87,A-38727-2
A-38727,3,2025-05-01,2026-04-30,501.0,16983.899999999998,A-38727-3
A-38824,0,2026-03-01,2032-06-30,808.0,20983.76,A-38824-0
A-38824,1,2032-07-01,2034-02-28,808.0,20733.28,A-38824-1
A-38824,2,2034-03-01,2036-02-29,808.0,21113.04,A-38824-2
A-38824,3,2036-03-01,2038-06-30,808.0,21670.56,A-38824-3
A-38824,4,2038-07-01,2039-10-31,808.0,21864.48,A-38824-4
A-38824,5,2039-11-01,2041-02-28,808.0,21824.08,A-38824-5
A-3913,0,2021-06-15,2027-10-14,1533.0,38692.92,A-3913-0
A-3913,1,2027-10-15,2029-10-14,1533.0,39995.97,A-3913-1
A-3913,2,2029-10-15,2031-06-14,1533.0,40747.14,A-3913-2
A-3913,3,2031-06-15,2032-02-14,1533.0,40655.159999999996,A-3913-3
A-3913,4,2032-02-15,2033-10-14,1533.0,41222.37,A-3913-4
A-3913,5,2033-10-15,2035-02-14,1533.0,41053.740000000005,A-3913-5
A-39363,0,2016-07-01,2021-06-30,287.0,6784.68,A-39363-0
A-39363,1,2021-07-01,2023-02-28,287.0,6804.77,A-39363-1
A-39363,2,2023-03-01,2024-02-29,287.0,6974.1,A-39363-2
A-39363,3,2024-03-01,2024-10-31,287.0,7083.16,A-39363-3
A-39363,4,2024-11-01,2027-02-28,287.0,7077.42,A-39363-4
A-39363,5,2027-03-01,2029-06-30,287.0,7143.43,A-39363-5
A-39363,6,2029-07-01,2030-06-30,287.0,7183.610000000001,A-39363-6
A-39363,7,2030-07-01,2032-10-31,287.0,7370.16,A-39363-7
A-39619,0,2018-05-01,2026-08-31,488.0,12487.92,A-39619-0
A-39619,1,2026-09-01,2027-08-31,488.0,12444.0,A-39619-1
A-39619,2,2027-09-01,2028-12-31,488.0,12814.880000000001,A-39619-2
A-3979,0,2023-12-15,2030-08-14,429.0,10068.63,A-3979-0
A-3979,1,2030-08-15,2031-04-14,386.1,9281.844000000001,A-3979-1
A-39958,0,2022-01-15,2027-01-14,682.0,18495.84,A-39958-0
A-39958,1,2027-01-15,2027-09-14,682.0,19020.98,A-39958-1
A-39958,2,2027-09-15,2029-05-14,682.0,19662.059999999998,A-39958-2
A-39958,3,2029-05-15,2031-01-14,682.0,20187.2,A-39958-3
A-40403,0,2005-09-15,2012-05-14,472.0,12956.4,A-40403-0
A-40403,1,2012-05-15,2013-05-14,472.0,13253.759999999998,A-40403-1
A-40403,2,2013-05-15,2014-05-14,377.6,10784.256,A-40403-2
A-40612,0,2028-12-15,2036-04-14,555.0,12826.05,A-40612-0
A-40612,1,2036-04-15,2036-08-14,610.5,14084.235,A-40612-1
A-40612,2,2036-08-15,2038-08-14,610.5,14432.220000000001,A-40612-2
A-40875,0,2023-08-15,2030-12-14,1190.0,29559.6,A-40875-0
A-40875,1,2030-12-15,2031-08-14,1190.0,29571.5,A-40875-1
A-40875,2,2031-08-15,2032-12-14,1428.0,36513.96,A-40875-2
A-40875,3,2032-12-15,2034-12-14,1428.0,36628.2,A-40875-3
A-40875,4,2034-12-15,2036-04-14,1428.0,37028.04,A-40875-4
A-40875,5,2036-04-15,2036-12-14,1142.4,31084.704000000005,A-40875-5
A-40875,6,2036-12-15,2038-04-14,1142.4,31118.976000000002,A-40875-6
A-4091,0,2026-03-15,2031-07-14,1073.0,30945.32,A-4091-0
A-4091,1,2031-07-15,2032-07-14,1073.0,31632.04,A-4091-1
A-4091,2,2032-07-15,2034-07-14,1073.0,32801.61,A-4091-2
A-4091,3,2034-07-15,2036-03-14,1073.0,33949.72,A-4091-3
A-4091,4,2036-03-15,2037-03-14,1073.0,34475.490000000005,A-4091-4
A-40972,0,2010-05-01,2014-12-31,976.0,20398.399999999998,A-40972-0
A-40972,1,2015-01-01,2015-04-30,976.0,20622.879999999997,A-40972-1
A-40972,2,2015-05-01,2017-12-31,976.0,20652.16,A-40972-2
A-40972,3,2018-01-01,2018-12-31,976.0,20779.04,A-40972-3
A-41279,0,2025-11-01,2032-10-31,840.0,28030.8,A-41279-0
A-41279,1,2032-11-01,2034-10-31,1008.0,34796.16,A-41279-1
A-41279,2,2034-11-01,2036-02-29,1008.0,35209.44,A-41279-2
A-41279,3,2036-03-01,2036-06-30,1008.0,35532.0,A-41279-3
A-41571,0,2027-10-01,2035-05-31,434.0,13132.84,A-41571-0
A-41571,1,2035-06-01,2037-05-31,434.0,13410.599999999999,A-41571-1
A-41571,2,2037-06-01,2038-09-30,434.0,13692.7,A-41571-2
A-41571,3,2038-10-01,2039-09-30,434.0,13592.880000000001,A-41571-3
A-41571,4,2039-10-01,2041-05-31,434.0,13562.5,A-41571-4
A-41581,0,2015-05-15,2025-05-14,615.0,14298.75,A-41581-0
A-41581,1,2025-05-15,2026-05-14,615.0,14452.5,A-41581-1
A-41581,2,2026-05-15,2029-01-14,615.0,14532.449999999999,A-41581-2
A-41581,3,2029-01-15,2030-01-14,615.0,14698.5,A-41581-3
A-41581,4,2030-01-15,2032-05-14,615.0,14981.4,A-41581-4
A-41581,5,2032-05-15,2034-05-14,615.0,14938.35,A-41581-5
A-41581,6,2034-05-15,2035-05-14,615.0,15215.099999999999,A-41581-6
A-42070,0,2029-07-01,2036-02-29,759.0,19012.95,A-42070-0
A-42070,1,2036-03-01,2038-06-30,759.0,19202.7,A-42070-1
A-42226,0,2026-08-15,2033-04-14,411.0,10739.43,A-42226-0
A-42226,1,2033-04-15,2034-08-14,411.0,10776.42,A-42226-1
A-42226,2,2034-08-15,2035-12-14,411.0,11076.449999999999,A-42226-2
A-42226,3,2035-12-15,2036-12-14,205.5,5530.005,A-42226-3
A-42226,4,2036-12-15,2037-12-14,205.5,5589.599999999999,A-42226-4
A-42516,0,2011-08-15,2016-04-14,678.0,15661.800000000001,A-42516-0
A-42516,1,2016-04-15,2017-08-14,678.0,15905.880000000001,A-42516-1
A-42516,2,2017-08-15,2019-08-14,678.0,15777.06,A-42516-2
A-42516,3,2019-08-15,2021-12-14,678.0,16502.52,A-42516-3
A-42639,0,2024-12-01,2032-03-31,932.0,25285.16,A-42639-0
A-42639,1,2032-04-01,2033-03-31,932.0,25415.64,A-42639-1
A-42639,2,2033-04-01,2035-03-31,932.0,25369.039999999997,A-42639-2
A-42639,3,2035-04-01,2036-07-31,932.0,25536.8,A-42639-3
A-42650,0,2025-12-01,2028-11-30,679.0,21273.07,A-42650-0
A-42916,0,2015-07-15,2022-03-14,1171.0,32530.38,A-42916-0
A-42916,1,2022-03-15,2023-11-14,1171.0,32776.29,A-42916-1
A-42916,2,2023-11-15,2025-11-14,1171.0,33279.82,A-42916-2
A-42968,0,2023-02-01,2030-05-31,849.0,21989.1,A-42968-0
A-42968,1,2030-06-01,2031-05-31,849.0,22498.5,A-42968-1
A-42968,2,2031-06-01,2034-01-31,849.0,23372.97,A-42968-2
A-43053,0,2025-02-01,2033-05-31,1174.0,33999.04,A-43053-0
A-43053,1,2033-06-01,2034-09-30,1174.0,34539.08,A-43053-1
A-43053,2,2034-10-01,2035-05-31,1174.0,35196.520000000004,A-43053-2
A-43053,3,2035-06-01,2037-09-30,1174.0,35220.0,A-43053-3
A-43053,4,2037-10-01,2039-09-30,1174.0,35583.939999999995,A-43053-4
A-43053,5,2039-10-01,2040-09-30,1174.0,35959.619999999995,A-43053-5
A-43398,0,2015-06-01,2022-05-31,991.0,25974.11,A-43398-0
A-43398,1,2022-06-01,2023-01-31,991.0,25855.19,A-43398-1
A-43398,2,2023-02-01,2024-05-31,792.8000000000001,21032.984000000004,A-43398-2
A-43398,3,2024-06-01,2025-09-30,792.8000000000001,21572.088000000003,A-43398-3
A-43414,0,2007-12-01,2013-03-31,1119.0,32316.719999999998,A-43414-0
A-43414,1,2013-04-01,2013-11-30,1119.0,33178.35,A-43414-1
A-43414,2,2013-12-01,2015-07-31,1119.0,33502.86,A-43414-2
A-43414,3,2015-08-01,2016-07-31,1007.1,30323.781,A-43414-3
A-43414,4,2016-08-01,2017-07-31,1007.1,31612.869000000002,A-43414-4
A-435,0,2025-06-15,2032-06-14,850.0,28007.500000000004,A-435-0
A-435,1,2032-06-15,2035-02-14,850.0,28373.000000000004,A-435-1
A-43539,0,2023-09-01,2031-04-30,964.0,25256.8,A-43539-0
A-43633,0,2016-02-01,2024-01-31,523.0,13012.24,A-43633-0
A-43633,1,2024-02-01,2024-05-31,523.0,13336.5,A-43633-1
A-43633,2,2024-06-01,2026-01-31,523.0,13618.92,A-43633-2
A-43633,3,2026-02-01,2028-01-31,523.0,13859.5,A-43633-3
A-43633,4,2028-02-01,2030-01-31,523.0,14335.43,A-43633-4
A-43633,5,2030-02-01,2032-05-31,523.0,14696.300000000001,A-43633-5
A-43633,6,2032-06-01,2034-09-30,523.0,14853.199999999999,A-43633-6
A-43815,0,2011-01-15,2018-05-14,712.0,19416.239999999998,A-43815-0
A-43815,1,2018-05-15,2018-09-14,712.0,19565.760000000002,A-43815-1
A-43815,2,2018-09-15,2020-01-14,712.0,19480.32,A-43815-2
A-43815,3,2020-01-15,2021-01-14,712.0,19914.64,A-43815-3
A-43815,4,2021-01-15,2022-09-14,712.0,20448.64,A-43815-4
A-43815,5,2022-09-15,2024-01-14,712.0,20968.399999999998,A-43815-5
A-43815,6,2024-01-15,2024-09-14,712.0,20989.760000000002,A-43815-6
A-44874,0,2010-10-01,2016-05-31,1069.0,27719.17,A-44874-0
A-44874,1,2016-06-01,2017-09-30,1069.0,28157.46,A-44874-1
A-44874,2,2017-10-01,2019-01-31,1069.0,28071.940000000002,A-44874-2
A-44874,3,2019-02-01,2020-09-30,1069.0,28937.83,A-44874-3
A-44874,4,2020-10-01,2021-09-30,1069.0,29354.74,A-44874-4
A-44874,5,2021-10-01,2023-01-31,1069.0,29408.190000000002,A-44874-5
A-45263,0,2007-02-01,2015-01-31,347.0,8275.95,A-45263-0
A-45263,1,2015-02-01,2016-01-31,347.0,8321.06,A-45263-1
A-45595,0,2020-08-15,2024-08-14,420.0,9945.6,A-45595-0
A-45595,1,2024-08-15,2026-08-14,420.0,10315.199999999999,A-45595-1
A-45960,0,2029-06-01,2038-05-31,701.0,19515.84,A-45960-0
A-45960,1,2038-06-01,2040-01-31,701.0,19971.489999999998,A-45960-1
A-46040,0,2024-10-01,2030-05-31,527.0,15915.4,A-46040-0
A-46040,1,2030-06-01,2032-01-31,527.0,16194.710000000001,A-46040-1
A-46040,2,2032-02-01,2033-05-31,527.0,16784.95,A-46040-2
A-46040,3,2033-06-01,2034-05-31,527.0,17011.56,A-46040-3
A-46400,0,2019-09-01,2023-04-30,520.0,12438.400000000001,A-46400-0
A-46415,0,2029-10-15,2033-06-14,1342.0,35240.920000000006,A-46415-0
A-46415,1,2033-06-15,2034-02-14,1342.0,36113.22,A-46415-1
A-46415,2,2034-02-15,2035-10-14,1342.0,37267.34,A-46415-2
A-46415,3,2035-10-15,2036-10-14,1342.0,37884.66,A-46415-3
A-46415,4,2036-10-15,2038-02-14,1342.0,38273.84,A-46415-4
A-46415,5,2038-02-15,2038-10-14,1342.0,39991.6,A-46415-5
A-46587,0,2018-03-15,2024-03-14,600.0,17904.0,A-46587-0
A-46587,1,2024-03-15,2025-11-14,600.0,18288.0,A-46587-1
A-46587,2,2025-11-15,2026-11-14,300.0,9363.0,A-46587-2
A-46916,0,2014-05-15,2019-09-14,735.0,19984.65,A-46916-0
A-46916,1,2019-09-15,2020-05-14,735.0,20712.3,A-46916-1
A-4728,0,2027-11-01,2036-02-29,674.0,18487.82,A-4728-0
A-4728,1,2036-03-01,2038-10-31,674.0,18959.62,A-4728-1
A-4728,2,2038-11-01,2041-06-30,674.0,19552.74,A-4728-2
A-4728,3,2041-07-01,2042-06-30,674.0,19633.62,A-4728-3
A-4728,4,2042-07-01,2043-06-30,674.0,19795.38,A-4728-4
A-4728,5,2043-07-01,2044-06-30,674.0,19768.42,A-4728-5
A-4738,0,2026-07-15,2032-03-14,1051.0,27494.16,A-4738-0
A-4738,1,2032-03-15,2034-03-14,1051.0,27830.48,A-4738-1
A-47629,0,2029-09-15,2034-01-14,630.0,16121.7,A-47629-0
A-47629,1,2034-01-15,2035-01-14,630.0,16266.6,A-47629-1
A-47899,0,2017-04-15,2023-08-14,804.0,19312.079999999998,A-47899-0
A-47899,1,2023-08-15,2025-12-14,804.0,20301.0,A-47899-1
A-48062,0,2018-11-15,2027-03-14,1276.0,34987.920000000006,A-48062-0
A-48062,1,2027-03-15,2028-03-14,1276.0,35523.84,A-48062-1
A-48062,2,2028-03-15,2028-07-14,1276.0,36276.68,A-48062-2
A-48062,3,2028-07-15,2029-03-14,1276.0,36710.52,A-48062-3
A-48117,0,2023-07-15,2029-03-14,1089.0,26037.99,A-48117-0
A-48117,1,2029-03-15,2031-03-14,1089.0,25798.41,A-48117-1
A-48117,2,2031-03-15,2032-03-14,1089.0,25635.059999999998,A-48117-2
A-48507,0,2022-09-01,2030-04-30,350.0,9940.0,A-48507-0
A-48507,1,2030-05-01,2030-12-31,350.0,9996.0,A-48507-1
A-48507,2,2031-01-01,2032-12-31,350.0,10290.0,A-48507-2
A-48507,3,2033-01-01,2033-08-31,350.0,10615.5,A-48507-3
A-48731,0,2021-04-15,2027-04-14,797.0,19486.649999999998,A-48731-0
A-48731,1,2027-04-15,2028-04-14,797.0,19311.31,A-48731-1
A-48731,2,2028-04-15,2029-04-14,797.0,19502.59,A-48731-2
A-48731,3,2029-04-15,2029-08-14,797.0,19765.600000000002,A-48731-3
A-48731,4,2029-08-15,2030-08-14,797.0,19805.45,A-48731-4
A-48778,0,2027-04-15,2031-12-14,351.0,9241.83,A-48778-0
A-48778,1,2031-12-15,2033-04-14,351.0,9350.64,A-48778-1
A-48778,2,2033-04-15,2036-04-14,351.0,9806.94,A-48778-2
A-48778,3,2036-04-15,2038-04-14,351.0,9852.57,A-48778-3
A-48810,0,2019-11-01,2026-10-31,398.0,12365.86,A-48810-0
A-48810,1,2026-11-01,2027-06-30,398.0,12644.46,A-48810-1
A-48810,2,2027-07-01,2028-02-29,398.0,12548.94,A-48810-2
A-48810,3,2028-03-01,2028-06-30,398.0,12517.1,A-48810-3
A-48810,4,2028-07-01,2029-02-28,398.0,12668.34,A-48810-4
A-49210,0,2007-01-15,2013-01-14,1087.0,33773.090000000004,A-49210-0
A-49210,1,2013-01-15,2014-01-14,1087.0,34468.770000000004,A-49210-1
A-49315,0,2020-07-15,2027-03-14,684.0,18331.2,A-49315-0
A-49315,1,2027-03-15,2028-11-14,684.0,18276.48,A-49315-1
A-49315,2,2028-11-15,2030-03-14,684.0,18509.04,A-49315-2
A-49315,3,2030-03-15,2031-07-14,684.0,19035.719999999998,A-49315-3
A-49533,0,2022-10-15,2031-06-14,698.0,19788.3,A-49533-0
A-49533,1,2031-06-15,2032-10-14,698.0,19899.98,A-49533-1
A-49533,2,2032-10-15,2033-02-14,698.0,20465.36,A-49533-2
A-49533,3,2033-02-15,2033-06-14,698.0,20409.52,A-49533-3
A-49533,4,2033-06-15,2034-06-14,698.0,21009.8,A-49533-4
A-49533,5,2034-06-15,2036-06-14,698.0,21184.3,A-49533-5
A-49559,0,2016-08-15,2022-12-14,1014.0,31717.920000000002,A-49559-0
A-49559,1,2022-12-15,2023-08-14,1014.0,32275.62,A-49559-1
A-49559,2,2023-08-15,2024-12-14,1014.0,33157.8,A-49559-2
A-49925,0,2028-06-15,2035-06-14,598.0,16690.18,A-49925-0
A-50323,0,2020-12-15,2027-08-14,685.0,17049.65,A-50323-0
A-50323,1,2027-08-15,2028-08-14,685.0,17679.85,A-50323-1
A-50602,0,2029-10-15,2034-02-14,963.0,25172.82,A-50602-0
A-50602,1,2034-02-15,2034-10-14,963.0,25500.24,A-50602-1
A-50602,2,2034-10-15,2036-02-14,963.0,25885.44,A-50602-2
A-50602,3,2036-02-15,2037-02-14,963.0,26366.94,A-50602-3
A-50602,4,2037-02-15,2037-06-14,963.0,26809.92,A-50602-4
A-50602,5,2037-06-15,2038-10-14,963.0,27368.460000000003,A-50602-5
A-50721,0,2018-07-01,2027-10-31,573.0,16250.279999999999,A-50721-0
A-50721,1,2027-11-01,2029-02-28,573.0,16622.73,A-50721-1
A-50721,2,2029-03-01,2030-02-28,573.0,16645.65,A-50721-2
A-50721,3,2030-03-01,2030-10-31,573.0,16995.18,A-50721-3
A-50721,4,2030-11-01,2032-06-30,573.0,17235.84,A-50721-4
A-50721,5,2032-07-01,2034-10-31,573.0,17218.65,A-50721-5
A-50981,0,2016-06-15,2024-06-14,576.0,13415.039999999999,A-50981-0
A-50981,1,2024-06-15,2026-10-14,576.0,13720.32,A-50981-1
A-50981,2,2026-10-15,2028-02-14,576.0,13743.36,A-50981-2
A-50981,3,2028-02-15,2028-10-14,518.4,12519.359999999999,A-50981-3
A-5103,0,2009-01-01,2017-08-31,433.0,11803.58,A-5103-0
A-5103,1,2017-09-01,2019-08-31,433.0,12344.83,A-5103-1
A-5103,2,2019-09-01,2020-08-31,433.0,12782.16,A-5103-2
A-5103,3,2020-09-01,2022-08-31,433.0,12756.18,A-5103-3
A-51046,0,2020-10-15,2026-06-14,1422.0,33047.28,A-51046-0
A-51046,1,2026-06-15,2026-10-14,1422.0,33317.46,A-51046-1
A-51053,0,2023-08-01,2029-07-31,1169.0,33702.27,A-51053-0
A-51053,1,2029-08-01,2030-11-30,1169.0,34169.87,A-51053-1
A-51053,2,2030-12-01,2032-07-31,1169.0,35221.97,A-51053-2
A-51053,3,2032-08-01,2033-07-31,1169.0,35081.69,A-51053-3
A-51053,4,2033-08-01,2034-07-31,584.5,17324.58,A-51053-4
A-51053,5,2034-08-01,2035-07-31,876.75,26013.1725,A-51053-5
A-51059,0,2007-11-15,2013-07-14,1019.0,23620.42,A-51059-0
A-51059,1,2013-07-15,2014-03-14,1019.0,23987.26,A-51059-1
A-51059,2,2014-03-15,2014-07-14,1120.9,26610.166,A-51059-2
A-51059,3,2014-07-15,2015-11-14,1120.9,26755.883,A-51059-3
A-51059,4,2015-11-15,2017-07-14,1120.9,26643.793,A-51059-4
A-51362,0,2014-01-15,2022-05-14,834.0,24344.460000000003,A-51362-0
A-51776,0,2027-07-15,2032-07-14,882.0,24396.12,A-51776-0
A-51776,1,2032-07-15,2034-03-14,1058.3999999999999,29391.767999999996,A-51776-1
A-51776,2,2034-03-15,2035-03-14,1058.3999999999999,29920.967999999997,A-51776-2
A-51891,0,2026-03-15,2032-11-14,638.0,16804.92,A-51891-0
A-51891,1,2032-11-15,2034-07-14,638.0,17545.0,A-51891-1
A-53126,0,2011-11-15,2013-11-14,600.0,17814.0,A-53126-0
A-53126,1,2013-11-15,2014-11-14,600.0,18234.0,A-53126-1
A-53126,2,2014-11-15,2016-11-14,600.0,18354.0,A-53126-2
A-53126,3,2016-11-15,2018-03-14,600.0,18954.0,A-53126-3
A-53126,4,2018-03-15,2018-11-14,600.0,19176.0,A-53126-4
A-53279,0,2016-09-01,2024-12-31,347.0,10736.18,A-53279-0
A-53279,1,2025-01-01,2026-08-31,347.0,10909.68,A-53279-1
A-53279,2,2026-09-01,2027-08-31,173.5,5414.935,A-53279-2
A-53341,0,2005-09-01,2010-08-31,1579.0,39664.48,A-53341-0
A-53341,1,2010-09-01,2011-04-30,1579.0,40264.5,A-53341-1
A-53341,2,2011-05-01,2012-04-30,1579.0,40390.82,A-53341-2
A-53341,3,2012-05-01,2013-12-31,1579.0,40532.93,A-53341-3
A-53341,4,2014-01-01,2015-04-30,1579.0,40864.52,A-53341-4
A-53972,0,2025-11-15,2032-07-14,1533.0,41023.08,A-53972-0
A-53972,1,2032-07-15,2034-03-14,1533.0,41176.38,A-53972-1
A-54002,0,2024-12-15,2030-12-14,433.0,10768.710000000001,A-54002-0
A-54002,1,2030-12-15,2032-04-14,433.0,11097.789999999999,A-54002-1
A-54002,2,2032-04-15,2033-08-14,433.0,11426.87,A-54002-2
A-5403,0,2017-05-15,2024-05-14,1007.0,22758.2,A-5403-0
A-5403,1,2024-05-15,2026-01-14,1007.0,23936.39,A-5403-1
A-54478,0,2016-03-01,2026-06-30,1416.0,46855.44,A-54478-0
A-54478,1,2026-07-01,2028-06-30,1416.0,48101.52,A-54478-1
A-54478,2,2028-07-01,2029-10-31,1416.0,49305.12,A-54478-2
A-54478,3,2029-11-01,2030-10-31,1416.0,49390.08,A-54478-3
A-54668,0,2029-09-01,2037-12-31,907.0,22230.57,A-54668-0
A-54668,1,2038-01-01,2038-12-31,907.0,22284.99,A-54668-1
A-54668,2,2039-01-01,2039-04-30,907.0,23028.73,A-54668-2
A-54668,3,2039-05-01,2040-08-31,907.0,22838.26,A-54668-3
A-54775,0,2022-03-15,2028-11-14,1027.0,26434.98,A-54775-0
A-54775,1,2028-11-15,2030-03-14,1027.0,27472.25,A-54775-1
A-54937,0,2024-10-15,2028-06-14,619.0,20587.94,A-54937-0
A-54937,1,2028-06-15,2030-02-14,619.0,20569.37,A-54937-1
A-54937,2,2030-02-15,2032-06-14,619.0,20600.32,A-54937-2
A-54951,0,2023-08-15,2031-04-14,1493.0,40281.14,A-54951-0
A-54951,1,2031-04-15,2033-08-14,1493.0,40714.11,A-54951-1
A-54951,2,2033-08-15,2035-04-14,1493.0,41938.37,A-54951-2
A-54951,3,2035-04-15,2036-12-14,1493.0,41983.16,A-54951-3
A-55201,0,2024-08-15,2032-08-14,1015.0,26034.75,A-55201-0
A-55201,1,2032-08-15,2034-04-14,913.5,23851.485,A-55201-1
A-55201,2,2034-04-15,2035-04-14,913.5,24061.59,A-55201-2
A-55391,0,2018-06-15,2025-06-14,821.0,19654.74,A-55391-0
A-55547,0,2025-12-15,2032-08-14,218.0,5678.900000000001,A-55547-0
A-55547,1,2032-08-15,2034-04-14,218.0,5809.7,A-55547-1
A-55547,2,2034-04-15,2034-08-14,218.0,5840.22,A-55547-2
A-55547,3,2034-08-15,2035-12-14,218.0,6112.72,A-55547-3
A-55547,4,2035-12-15,2037-08-14,218.0,6352.52,A-55547-4
A-55547,5,2037-08-15,2038-08-14,218.0,6417.92,A-55547-5
A-55588,0,2020-05-15,2027-01-14,691.0,18580.99,A-55588-0
A-55639,0,2029-07-15,2037-03-14,968.0,27307.280000000002,A-55639-0
A-55639,1,2037-03-15,2038-11-14,968.0,27878.4,A-55639-1
A-55645,0,2023-06-15,2028-06-14,360.0,9154.8,A-55645-0
A-55645,1,2028-06-15,2029-10-14,360.0,9122.4,A-55645-1
A-55894,0,2029-04-01,2036-07-31,686.0,20785.8,A-55894-0
A-55894,1,2036-08-01,2038-07-31,686.0,20991.600000000002,A-55894-1
A-55894,2,2038-08-01,2039-11-30,686.0,21348.32,A-55894-2
A-55894,3,2039-12-01,2040-11-30,686.0,21691.32,A-55894-3
A-55894,4,2040-12-01,2041-07-31,686.0,21698.18,A-55894-4
A-55894,5,2041-08-01,2043-07-31,686.0,22068.620000000003,A-55894-5
A-56103,0,2022-06-01,2029-01-31,281.0,7834.28,A-56103-0
A-56103,1,2029-02-01,2029-09-30,281.0,7915.77,A-56103-1
A-56103,2,2029-10-01,2030-05-31,281.0,7890.48,A-56103-2
A-56103,3,2030-06-01,2031-09-30,281.0,8134.95,A-56103-3
A-56103,4,2031-10-01,2033-05-31,281.0,8275.449999999999,A-56103-4
A-56103,5,2033-06-01,2034-01-31,281.0,8556.449999999999,A-56103-5
A-56103,6,2034-02-01,2035-05-31,281.0,8722.24,A-56103-6
A-56233,0,2017-08-15,2023-04-14,1191.0,28584.0,A-56233-0
A-56233,1,2023-04-15,2024-08-14,1191.0,29000.850000000002,A-56233-1
A-56233,2,2024-08-15,2025-12-14,1071.9,26379.459000000003,A-56233-2
A-56233,3,2025-12-15,2026-08-14,1071.9,27387.045000000002,A-56233-3
A-56325,0,2024-08-15,2033-12-14,856.0,26150.8,A-56325-0
A-56325,1,2033-12-15,2034-12-14,856.0,26039.52,A-56325-1
A-56325,2,2034-12-15,2036-04-14,856.0,26193.600000000002,A-56325-2
A-56325,3,2036-04-15,2038-04-14,856.0,26929.760000000002,A-56325-3
A-56325,4,2038-04-15,2041-12-14,856.0,27118.079999999998,A-56325-4
A-56325,5,2041-12-15,2042-12-14,856.0,28222.32,A-56325-5
A-56914,0,2028-12-01,2036-11-30,212.0,5289.4,A-56914-0
A-56914,1,2036-12-01,2038-11-30,212.0,5363.6,A-56914-1
A-56914,2,2038-12-01,2040-03-31,212.0,5414.48,A-56914-2
A-57346,0,2027-02-15,2037-02-14,863.0,21626.78,A-57346-0
A-57346,1,2037-02-15,2038-10-14,863.0,22213.62,A-57346-1
A-57346,2,2038-10-15,2039-10-14,863.0,22576.08,A-57346-2
A-57346,3,2039-10-15,2041-02-14,863.0,23033.47,A-57346-3
A-57346,4,2041-02-15,2043-10-14,863.0,23697.98,A-57346-4
A-57346,5,2043-10-15,2045-10-14,863.0,24069.07,A-57346-5
A-57631,0,2021-04-01,2024-11-30,478.0,13632.56,A-57631-0
A-57631,1,2024-12-01,2025-07-31,478.0,13775.960000000001,A-57631-1
A-57631,2,2025-08-01,2027-11-30,478.0,13766.4,A-57631-2
A-57631,3,2027-12-01,2029-03-31,478.0,14081.880000000001,A-57631-3
A-57835,0,2022-01-15,2028-09-14,1084.0,26818.16,A-57835-0
A-57835,1,2028-09-15,2029-09-14,1192.4,29499.976,A-57835-1
A-58015,0,2020-07-15,2026-03-14,470.0,12586.6,A-58015-0
A-58015,1,2026-03-15,2027-03-14,705.0,18901.05,A-58015-1
A-58015,2,2027-03-15,2028-07-14,564.0,15510.0,A-58015-2
A-58015,3,2028-07-15,2029-07-14,564.0,15887.880000000001,A-58015-3
A-5803,0,2021-12-15,2027-04-14,401.0,10121.24,A-5803-0
A-5803,1,2027-04-15,2028-08-14,401.0,10149.31,A-5803-1
A-5803,2,2028-08-15,2029-04-14,401.0,10325.75,A-5803-2
A-5803,3,2029-04-15,2030-12-14,401.0,10401.94,A-5803-3
A-5803,4,2030-12-15,2031-12-14,401.0,10754.82,A-5803-4
A-5803,5,2031-12-15,2032-12-14,401.0,11019.48,A-5803-5
A-5803,6,2032-12-15,2033-12-14,401.0,11051.56,A-5803-6
A-58131,0,2025-10-15,2032-06-14,1076.0,28815.280000000002,A-58131-0
A-58131,1,2032-06-15,2033-10-14,860.8000000000001,22966.144,A-58131-1
A-58131,2,2033-10-15,2034-06-14,860.8000000000001,23491.232,A-58131-2
A-58213,0,2026-12-15,2034-08-14,305.0,8750.45,A-58213-0
A-58213,1,2034-08-15,2036-04-14,305.0,8747.4,A-58213-1
A-58608,0,2008-04-15,2015-08-14,293.0,7761.57,A-58608-0
A-58608,1,2015-08-15,2016-04-14,293.0,7741.06,A-58608-1
A-58608,2,2016-04-15,2018-12-14,293.0,7887.56,A-58608-2
A-58608,3,2018-12-15,2019-12-14,293.0,7972.530000000001,A-58608-3
A-58608,4,2019-12-15,2021-04-14,293.0,8119.030000000001,A-58608-4
A-58608,5,2021-04-15,2021-12-14,293.0,8022.34,A-58608-5
A-59073,0,2023-10-01,2031-05-31,1032.0,29442.960000000003,A-59073-0
A-59073,1,2031-06-01,2033-05-31,1032.0,29845.440000000002,A-59073-1
A-59073,2,2033-06-01,2034-01-31,1032.0,30609.12,A-59073-2
A-59073,3,2034-02-01,2035-05-31,1032.0,31135.440000000002,A-59073-3
A-59073,4,2035-06-01,2036-05-31,1032.0,31228.320000000003,A-59073-4
A-59073,5,2036-06-01,2038-05-31,1032.0,31445.039999999997,A-59073-5
A-59073,6,2038-06-01,2040-01-31,1032.0,32508.0,A-59073-6
A-59083,0,2013-04-15,2019-12-14,918.0,23555.88,A-59083-0
A-59083,1,2019-12-15,2020-12-14,918.0,23831.280000000002,A-59083-1
A-59083,2,2020-12-15,2022-04-14,918.0,24069.96,A-59083-2
A-59083,3,2022-04-15,2023-12-14,918.0,24336.18,A-59083-3
A-59083,4,2023-12-15,2025-12-14,918.0,24336.18,A-59083-4
A-59083,5,2025-12-15,2026-12-14,826.2,22613.094,A-59083-5
A-59153,0,2029-06-01,2037-01-31,835.0,23187.95,A-59153-0
A-59153,1,2037-02-01,2038-01-31,835.0,23981.2,A-59153-1
A-5919,0,2011-07-01,2016-06-30,327.0,9689.01,A-5919-0
A-5919,1,2016-07-01,2017-06-30,327.0,10042.17,A-5919-1
A-5919,2,2017-07-01,2018-02-28,327.0,10133.73,A-5919-2
A-59217,0,2007-08-01,2014-03-31,609.0,16753.59,A-59217-0
A-59217,1,2014-04-01,2015-03-31,609.0,17313.87,A-59217-1
A-59217,2,2015-04-01,2017-03-31,609.0,17472.21,A-59217-2
A-59217,3,2017-04-01,2019-03-31,487.20000000000005,14065.464000000002,A-59217-3
A-59217,4,2019-04-01,2021-03-31,487.20000000000005,14007.000000000002,A-59217-4
A-59330,0,2006-09-01,2014-04-30,1037.0,25064.29,A-59330-0
A-59330,1,2014-05-01,2015-08-31,1037.0,25354.649999999998,A-59330-1
A-59330,2,2015-09-01,2016-08-31,1037.0,25655.379999999997,A-59330-2
A-59610,0,2011-02-15,2015-10-14,1540.0,47062.4,A-59610-0
A-59610,1,2015-10-15,2017-02-14,1540.0,47847.8,A-59610-1
A-59610,2,2017-02-15,2017-10-14,1540.0,48325.2,A-59610-2
A-59610,3,2017-10-15,2019-02-14,1848.0,58138.08,A-59610-3
A-59994,0,2025-06-01,2032-01-31,915.0,24265.8,A-59994-0
A-60033,0,2025-11-01,2033-02-28,1040.0,28943.199999999997,A-60033-0
A-60033,1,2033-03-01,2034-02-28,1040.0,29681.6,A-60033-1
A-60033,2,2034-03-01,2035-02-28,1040.0,30274.399999999998,A-60033-2
A-60033,3,2035-03-01,2038-02-28,1040.0,31189.6,A-60033-3
A-60033,4,2038-03-01,2039-10-31,1040.0,32427.2,A-60033-4
A-60506,0,2025-12-15,2030-08-14,1044.0,35506.439999999995,A-60506-0
A-60506,1,2030-08-15,2030-12-14,1044.0,35527.32,A-60506-1
A-60506,2,2030-12-15,2033-04-14,1044.0,35318.52,A-60506-2
A-60506,3,2033-04-15,2035-04-14,1044.0,35391.6,A-60506-3
A-60506,4,2035-04-15,2036-08-14,1044.0,35819.64,A-60506-4
A-60881,0,2013-10-01,2020-09-30,608.0,13509.759999999998,A-60881-0
A-60881,1,2020-10-01,2022-01-31,608.0,13759.039999999999,A-60881-1
A-60881,2,2022-02-01,2024-05-31,608.0,14014.4,A-60881-2
A-60881,3,2024-06-01,2025-05-31,608.0,14275.84,A-60881-3
A-60953,0,2019-08-01,2025-07-31,582.0,17291.22,A-60953-0
A-60953,1,2025-08-01,2027-07-31,465.6,14382.384000000002,A-60953-1
A-6134,0,2007-05-15,2015-01-14,314.0,6232.900000000001,A-6134-0
A-6134,1,2015-01-15,2016-01-14,314.0,6408.74,A-6134-1
A-61417,0,2016-05-15,2022-09-14,993.0,22034.670000000002,A-61417-0
A-61417,1,2022-09-15,2023-09-14,993.0,22630.469999999998,A-61417-1
A-61417,2,2023-09-15,2024-05-14,993.0,22690.050000000003,A-61417-2
A-61417,3,2024-05-15,2025-01-14,993.0,23186.550000000003,A-61417-3
A-61448,0,2028-03-01,2032-10-31,473.0,14596.779999999999,A-61448-0
A-61448,1,2032-11-01,2033-06-30,473.0,14615.699999999999,A-61448-1
A-61448,2,2033-07-01,2034-06-30,473.0,14776.519999999999,A-61448-2
A-61613,0,2029-09-15,2034-01-14,294.0,9728.460000000001,A-61613-0
A-61613,1,2034-01-15,2036-05-14,294.0,9978.359999999999,A-61613-1
A-61613,2,2036-05-15,2037-01-14,294.0,10131.24,A-61613-2
A-61613,3,2037-01-15,2038-01-14,294.0,10219.439999999999,A-61613-3
A-61831,0,2025-05-15,2030-09-14,435.0,10718.4,A-61831-0
A-61831,1,2030-09-15,2031-09-14,435.0,10722.75,A-61831-1
A-61831,2,2031-09-15,2033-01-14,435.0,10927.2,A-61831-2
A-61831,3,2033-01-15,2034-05-14,435.0,10901.099999999999,A-61831-3
A-61954,0,2025-09-15,2032-09-14,503.0,13752.02,A-61954-0
A-61954,1,2032-09-15,2033-05-14,503.0,13897.89,A-61954-1
A-61954,2,2033-05-15,2034-09-14,503.0,14179.570000000002,A-61954-2
A-62500,0,2018-02-01,2025-01-31,310.0,7784.099999999999,A-62500-0
A-62500,1,2025-02-01,2025-05-31,310.0,7877.1,A-62500-1
A-62500,2,2025-06-01,2026-01-31,310.0,7901.9,A-62500-2
A-62500,3,2026-02-01,2026-09-30,310.0,7951.5,A-62500-3
A-62500,4,2026-10-01,2027-09-30,310.0,8060.0,A-62500-4
A-62500,5,2027-10-01,2029-05-31,310.0,8053.8,A-62500-5
A-62824,0,2024-01-01,2029-04-30,386.0,11085.92,A-62824-0
A-62824,1,2029-05-01,2030-12-31,386.0,11178.56,A-62824-1
A-62824,2,2031-01-01,2031-08-31,386.0,11375.42,A-62824-2
A-62824,3,2031-09-01,2033-04-30,386.0,11518.24,A-62824-3
A-62824,4,2033-05-01,2034-04-30,386.0,11773.0,A-62824-4
A-62856,0,2024-10-01,2033-09-30,1060.0,33580.8,A-62856-0
A-62856,1,2033-10-01,2034-09-30,1060.0,34587.8,A-62856-1
A-62954,0,2015-05-01,2020-04-30,517.0,14765.519999999999,A-62954-0
A-62954,1,2020-05-01,2021-04-30,517.0,15230.82,A-62954-1
A-62954,2,2021-05-01,2023-08-31,517.0,15313.54,A-62954-2
A-63121,0,2012-07-01,2020-06-30,679.0,22794.03,A-63121-0
A-63121,1,2020-07-01,2021-06-30,679.0,23072.42,A-63121-1
A-63121,2,2021-07-01,2023-02-28,679.0,23018.1,A-63121-2
A-63297,0,2021-10-01,2028-09-30,820.0,21393.8,A-63297-0
A-63297,1,2028-10-01,2031-01-31,820.0,21984.2,A-63297-1
A-63297,2,2031-02-01,2032-05-31,820.0,22533.6,A-63297-2
A-63297,3,2032-06-01,2033-09-30,820.0,22755.0,A-63297-3
A-63297,4,2033-10-01,2035-01-31,820.0,23378.2,A-63297-4
A-63297,5,2035-02-01,2037-01-31,820.0,23755.399999999998,A-63297-5
A-6342,0,2009-11-15,2017-03-14,507.0,15722.070000000002,A-6342-0
A-6342,1,2017-03-15,2018-03-14,405.6,12743.952000000001,A-6342-1
A-6342,2,2018-03-15,2020-03-14,405.6,12857.52,A-6342-2
A-6342,3,2020-03-15,2021-11-14,405.6,12837.24,A-6342-3
A-6342,4,2021-11-15,2023-07-14,405.6,13161.720000000001,A-6342-4
A-63492,0,2025-02-15,2032-06-14,777.0,22431.99,A-63492-0
A-63492,1,2032-06-15,2033-02-14,621.6,18442.872000000003,A-63492-1
A-63492,2,2033-02-15,2034-10-14,621.6,18511.248,A-63492-2
A-63496,0,2017-02-15,2023-06-14,324.0,7380.72,A-63496-0
A-63496,1,2023-06-15,2024-02-14,324.0,7468.2,A-63496-1
A-63496,2,2024-02-15,2025-06-14,324.0,7578.360000000001,A-63496-2
A-63496,3,2025-06-15,2027-06-14,324.0,7756.56,A-63496-3
A-63496,4,2027-06-15,2028-06-14,324.0,7834.32,A-63496-4
A-63496,5,2028-06-15,2030-02-14,259.2,6267.455999999999,A-63496-5
A-63496,6,2030-02-15,2030-10-14,259.2,6451.488,A-63496-6
A-63496,7,2030-10-15,2032-06-14,259.2,6619.968,A-63496-7
A-63496,8,2032-06-15,2033-06-14,259.2,6583.679999999999,A-63496-8
A-64287,0,2020-10-01,2026-05-31,305.0,8033.7,A-64287-0
A-64287,1,2026-06-01,2027-05-31,305.0,8216.7,A-64287-1
A-64287,2,2027-06-01,2027-09-30,305.0,8189.25,A-64287-2
A-64719,0,2022-07-01,2027-06-30,660.0,18532.8,A-64719-0
A-64719,1,2027-07-01,2029-10-31,660.0,18744.0,A-64719-1
A-64719,2,2029-11-01,2031-02-28,660.0,18810.0,A-64719-2
A-64823,0,2029-03-01,2035-06-30,872.0,25418.8,A-64823-0
A-64823,1,2035-07-01,2037-02-28,436.0,12840.199999999999,A-64823-1
A-64823,2,2037-03-01,2039-10-31,436.0,13311.08,A-64823-2
A-64941,0,2017-11-01,2024-06-30,315.0,7052.85,A-64941-0
A-64941,1,2024-07-01,2025-10-31,315.0,7018.200000000001,A-64941-1
A-64941,2,2025-11-01,2027-06-30,315.0,7166.25,A-64941-2
A-64941,3,2027-07-01,2028-02-29,315.0,7301.7,A-64941-3
A-65028,0,2022-12-15,2029-08-14,799.0,21269.38,A-65028-0
A-65028,1,2029-08-15,2031-08-14,878.9000000000001,24494.943000000003,A-65028-1
A-65028,2,2031-08-15,2032-08-14,878.9000000000001,24292.796000000002,A-65028-2
A-65030,0,2026-05-01,2034-08-31,932.0,27773.600000000002,A-65030-0
A-65030,1,2034-09-01,2036-04-30,932.0,28034.559999999998,A-65030-1
A-65030,2,2036-05-01,2037-08-31,932.0,28258.24,A-65030-2
A-65030,3,2037-09-01,2039-12-31,932.0,28770.84,A-65030-3
A-65409,0,2022-06-15,2028-10-14,880.0,24428.800000000003,A-65409-0
A-65409,1,2028-10-15,2029-06-14,880.0,24807.2,A-65409-1
A-6544,0,2026-01-15,2031-05-14,1191.0,41172.87,A-6544-0
A-6544,1,2031-05-15,2033-01-14,1191.0,41291.97,A-6544-1
A-6544,2,2033-01-15,2034-05-14,1191.0,42018.48,A-6544-2
A-65475,0,2017-03-01,2023-06-30,485.0,14249.3,A-65475-0
A-65475,1,2023-07-01,2024-10-31,436.5,13221.585,A-65475-1
A-65475,2,2024-11-01,2025-10-31,349.20000000000005,10839.168000000001,A-65475-2
A-65743,0,2010-04-15,2016-12-14,809.0,19504.989999999998,A-65743-0
A-65743,1,2016-12-15,2017-04-14,809.0,20378.710000000003,A-65743-1
A-65743,2,2017-04-15,2017-12-14,809.0,20645.68,A-65743-2
A-65743,3,2017-12-15,2019-08-14,809.0,20856.02,A-65743-3
A-6584,0,2018-01-01,2024-04-30,413.0,10436.51,A-6584-0
A-6584,1,2024-05-01,2025-08-31,413.0,10721.48,A-6584-1
A-6584,2,2025-09-01,2027-08-31,413.0,10729.74,A-6584-2
A-6584,3,2027-09-01,2029-04-30,413.0,10973.41,A-6584-3
A-6584,4,2029-05-01,2029-08-31,206.5,5604.41,A-6584-4
A-66092,0,2020-08-01,2027-03-31,703.0,20225.31,A-66092-0
A-66092,1,2027-04-01,2027-07-31,703.0,20387.0,A-66092-1
A-66278,0,2019-08-15,2025-04-14,1086.0,33676.86,A-66278-0
A-66278,1,2025-04-15,2026-04-14,1303.2,41076.864,A-66278-1
A-66278,2,2026-04-15,2027-04-14,1303.2,41689.368,A-66278-2
A-663,0,2018-02-15,2027-10-14,812.0,18546.079999999998,A-663-0
A-663,1,2027-10-15,2029-06-14,812.0,18887.120000000003,A-663-1
A-663,2,2029-06-15,2030-10-14,812.0,19146.96,A-663-2
A-66324,0,2010-07-15,2017-07-14,1122.0,26176.26,A-66324-0
A-66324,1,2017-07-15,2018-07-14,1122.0,26568.96,A-66324-1
A-66529,0,2027-09-01,2033-12-31,841.0,24960.88,A-66529-0
A-66697,0,2014-02-15,2019-10-14,405.0,10355.85,A-66697-0
A-66697,1,2019-10-15,2021-06-14,405.0,10562.4,A-66697-1
A-66697,2,2021-06-15,2022-06-14,405.0,10716.300000000001,A-66697-2
A-66697,3,2022-06-15,2023-02-14,405.0,10837.800000000001,A-66697-3
A-66697,4,2023-02-15,2023-10-14,405.0,10967.4,A-66697-4
A-66783,0,2027-03-15,2032-11-14,526.0,13875.88,A-66783-0
A-66783,1,2032-11-15,2034-03-14,263.0,6953.72,A-66783-1
A-66783,2,2034-03-15,2036-03-14,263.0,7182.53,A-66783-2
A-66783,3,2036-03-15,2037-07-14,263.0,7311.400000000001,A-66783-3
A-6681,0,2022-05-01,2030-04-30,1555.0,41845.05,A-6681-0
A-6681,1,2030-05-01,2032-04-30,1710.5000000000002,46970.33000000001,A-6681-1
A-6681,2,2032-05-01,2034-08-31,1710.5000000000002,47432.16500000001,A-6681-2
A-6681,3,2034-09-01,2035-08-31,1368.4000000000003,39163.60800000001,A-6681-3
A-67075,0,2026-01-15,2032-05-14,694.0,19661.02,A-67075-0
A-67075,1,2032-05-15,2033-01-14,694.0,19945.559999999998,A-67075-1
A-67461,0,2021-05-15,2028-09-14,740.0,17197.6,A-67461-0
A-67461,1,2028-09-15,2030-05-14,740.0,17641.6,A-67461-1
A-67461,2,2030-05-15,2031-09-14,740.0,17945.0,A-67461-2
A-67461,3,2031-09-15,2032-09-14,740.0,18389.0,A-67461-3
A-68302,0,2023-07-15,2028-07-14,882.0,24475.5,A-68302-0
A-68302,1,2028-07-15,2029-11-14,882.0,24378.48,A-68302-1
A-68302,2,2029-11-15,2031-07-14,882.0,24942.960000000003,A-68302-2
A-685,0,2023-05-01,2031-08-31,754.0,19430.579999999998,A-685-0
A-685,1,2031-09-01,2033-04-30,754.0,19996.079999999998,A-685-1
A-685,2,2033-05-01,2035-12-31,754.0,20848.1,A-685-2
A-685,3,2036-01-01,2036-08-31,754.0,21127.079999999998,A-685-3
A-685,4,2036-09-01,2038-12-31,754.0,21375.9,A-685-4
A-68530,0,2006-04-15,2011-08-14,651.0,16307.550000000001,A-68530-0
A-68530,1,2011-08-15,2011-12-14,651.0,16359.63,A-68530-1
A-68530,2,2011-12-15,2012-08-14,651.0,16444.260000000002,A-68530-2
A-6855,0,2025-02-01,2029-05-31,703.0,19402.8,A-6855-0
A-6855,1,2029-06-01,2031-01-31,773.3000000000001,21953.987,A-6855-1
A-6855,2,2031-02-01,2032-01-31,773.3000000000001,22139.579,A-6855-2
A-69435,0,2025-10-01,2030-01-31,1274.0,37226.28,A-69435-0
A-69435,1,2030-02-01,2031-01-31,1274.0,38016.159999999996,A-69435-1
A-69435,2,2031-02-01,2033-01-31,1274.0,39251.939999999995,A-69435-2
A-69435,3,2033-02-01,2033-09-30,1274.0,39748.799999999996,A-69435-3
A-69704,0,2025-10-01,2032-01-31,605.0,15506.15,A-69704-0
A-69704,1,2032-02-01,2034-01-31,605.0,15590.85,A-69704-1
A-69704,2,2034-02-01,2036-09-30,605.0,16129.3,A-69704-2
A-70575,0,2026-02-01,2031-09-30,918.0,29063.88,A-70575-0
A-70575,1,2031-10-01,2032-05-31,918.0,29596.320000000003,A-70575-1
A-71001,0,2010-02-15,2015-10-14,729.0,18545.760000000002,A-71001-0
A-71001,1,2015-10-15,2016-06-14,729.0,18786.329999999998,A-71001-1
A-71043,0,2026-10-15,2031-10-14,656.0,15330.720000000001,A-71043-0
A-71043,1,2031-10-15,2032-10-14,656.0,15402.880000000001,A-71043-1
A-71043,2,2032-10-15,2034-06-14,721.6,17087.488,A-71043-2
A-71043,3,2034-06-15,2034-10-14,721.6,16950.384,A-71043-3
A-71043,4,2034-10-15,2036-06-14,721.6,17419.424000000003,A-71043-4
A-71043,5,2036-06-15,2037-10-14,721.6,17845.168,A-71043-5
A-71043,6,2037-10-15,2038-06-14,721.6,18003.92,A-71043-6
A-72011,0,2013-01-01,2017-12-31,857.0,19068.25,A-72011-0
A-72011,1,2018-01-01,2018-08-31,1028.3999999999999,23786.891999999996,A-72011-1
A-72011,2,2018-09-01,2019-12-31,1028.3999999999999,24599.327999999998,A-72011-2
A-72011,3,2020-01-01,2020-12-31,1028.3999999999999,25545.455999999995,A-72011-3
A-72011,4,2021-01-01,2022-08-31,1028.3999999999999,25905.395999999997,A-72011-4
A-72011,5,2022-09-01,2023-12-31,1028.3999999999999,26234.483999999997,A-72011-5
A-72107,0,2012-04-15,2016-04-14,606.0,14301.6,A-72107-0
A-72107,1,2016-04-15,2017-04-14,606.0,14604.6,A-72107-1
A-72107,2,2017-04-15,2018-12-14,606.0,14634.9,A-72107-2
A-72132,0,2026-01-15,2031-01-14,490.0,12333.300000000001,A-72132-0
A-72132,1,2031-01-15,2032-05-14,490.0,12313.699999999999,A-72132-1
A-72132,2,2032-05-15,2034-05-14,245.0,6129.9,A-72132-2
A-72132,3,2034-05-15,2036-05-14,245.0,6188.700000000001,A-72132-3
A-72132,4,2036-05-15,2037-01-14,245.0,6259.75,A-72132-4
A-72132,5,2037-01-15,2038-01-14,245.0,6284.25,A-72132-5
A-72132,6,2038-01-15,2039-09-14,245.0,6509.65,A-72132-6
A-72395,0,2023-06-15,2029-02-14,842.0,27929.140000000003,A-72395-0
A-72395,1,2029-02-15,2030-10-14,842.0,28628.0,A-72395-1
A-72395,2,2030-10-15,2031-02-14,842.0,28644.840000000004,A-72395-2
A-72395,3,2031-02-15,2032-02-14,842.0,29587.88,A-72395-3
A-72395,4,2032-02-15,2033-06-14,842.0,29958.359999999997,A-72395-4
A-72395,5,2033-06-15,2034-06-14,842.0,30320.42,A-72395-5
A-72395,6,2034-06-15,2034-10-14,842.0,30842.460000000003,A-72395-6
A-7262,0,2021-09-01,2028-08-31,1069.0,26757.07,A-7262-0
A-7262,1,2028-09-01,2029-12-31,1069.0,26917.42,A-7262-1
A-7262,2,2030-01-01,2030-12-31,1069.0,27302.26,A-7262-2
A-72781,0,2020-10-15,2026-02-14,841.0,26979.28,A-72781-0
A-72781,1,2026-02-15,2027-06-14,841.0,27416.600000000002,A-72781-1
A-72781,2,2027-06-15,2028-10-14,841.0,27189.53,A-72781-2
A-7282,0,2017-02-15,2023-06-14,413.0,10729.74,A-7282-0
A-7282,1,2023-06-15,2026-02-14,413.0,10692.57,A-7282-1
A-7282,2,2026-02-15,2028-02-14,413.0,10923.85,A-7282-2
A-7282,3,2028-02-15,2028-10-14,413.0,11134.48,A-7282-3
A-7282,4,2028-10-15,2030-02-14,413.0,11188.17,A-7282-4
A-73344,0,2008-12-01,2014-07-31,1314.0,28434.96,A-73344-0
A-73344,1,2014-08-01,2016-03-31,1314.0,29328.48,A-73344-1
A-73344,2,2016-04-01,2017-03-31,1314.0,29788.38,A-73344-2
A-73344,3,2017-04-01,2018-07-31,1314.0,29827.8,A-73344-3
A-73344,4,2018-08-01,2019-03-31,1314.0,29998.62,A-73344-4
A-73344,5,2019-04-01,2020-07-31,1314.0,30248.28,A-73344-5
A-73344,6,2020-08-01,2021-07-31,1314.0,30668.76,A-73344-6
A-74292,0,2020-11-15,2024-11-14,1340.0,38404.4,A-74292-0
A-74292,1,2024-11-15,2025-07-14,1340.0,39329.0,A-74292-1
A-74292,2,2025-07-15,2027-03-14,1340.0,39891.8,A-74292-2
A-74625,0,2025-09-01,2034-08-31,656.0,20375.36,A-74625-0
A-74625,1,2034-09-01,2036-12-31,984.0,31064.88,A-74625-1
A-74625,2,2037-01-01,2038-04-30,984.0,31802.88,A-74625-2
A-74625,3,2038-05-01,2038-12-31,984.0,31999.680000000004,A-74625-3
A-74953,0,2025-12-15,2031-04-14,833.0,23757.16,A-74953-0
A-74953,1,2031-04-15,2033-04-14,833.0,23773.82,A-74953-1
A-74953,2,2033-04-15,2034-08-14,833.0,24023.72,A-74953-2
A-74953,3,2034-08-15,2035-12-14,833.0,24331.93,A-74953-3
A-74953,4,2035-12-15,2037-04-14,833.0,24956.68,A-74953-4
A-74953,5,2037-04-15,2038-04-14,833.0,24981.67,A-74953-5
A-74953,6,2038-04-15,2039-04-14,833.0,25389.84,A-74953-6
A-74953,7,2039-04-15,2039-12-14,833.0,26031.25,A-74953-7
A-7504,0,2010-01-15,2016-01-14,571.0,18066.44,A-7504-0
A-7504,1,2016-01-15,2017-05-14,571.0,18066.44,A-7504-1
A-7504,2,2017-05-15,2019-05-14,571.0,18483.269999999997,A-7504-2
A-7504,3,2019-05-15,2020-01-14,571.0,18922.94,A-7504-3
A-7504,4,2020-01-15,2021-01-14,571.0,18803.03,A-7504-4
A-7504,5,2021-01-15,2021-05-14,571.0,18825.87,A-7504-5
A-7504,6,2021-05-15,2022-09-14,571.0,18774.480000000003,A-7504-6
A-75106,0,2023-09-01,2030-12-31,379.0,9387.83,A-75106-0
A-75106,1,2031-01-01,2031-12-31,379.0,9399.2,A-75106-1
A-75106,2,2032-01-01,2032-08-31,379.0,9368.88,A-75106-2
A-75106,3,2032-09-01,2033-12-31,379.0,9645.55,A-75106-3
A-75106,4,2034-01-01,2035-04-30,379.0,9861.58,A-75106-4
A-75106,5,2035-05-01,2036-08-31,379.0,9956.33,A-75106-5
A-7554,0,2029-01-01,2036-12-31,1003.0,26057.94,A-7554-0
A-7554,1,2037-01-01,2038-12-31,1003.0,25857.34,A-7554-1
A-7554,2,2039-01-01,2039-04-30,1003.0,26098.06,A-7554-2
A-7554,3,2039-05-01,2040-08-31,1203.6,33243.432,A-7554-3
A-7560,0,2009-11-15,2016-11-14,616.0,14180.32,A-7560-0
A-7560,1,2016-11-15,2018-07-14,616.0,14241.92,A-7560-1
A-7560,2,2018-07-15,2020-03-14,308.0,7114.8,A-7560-2
A-75605,0,2017-01-01,2021-04-30,640.0,15916.800000000001,A-75605-0
A-75605,1,2021-05-01,2022-08-31,640.0,15910.4,A-75605-1
A-75605,2,2022-09-01,2023-04-30,640.0,16320.0,A-75605-2
A-75605,3,2023-05-01,2023-08-31,640.0,16755.2,A-75605-3
A-75605,4,2023-09-01,2025-04-30,640.0,16761.600000000002,A-75605-4
A-75605,5,2025-05-01,2025-08-31,640.0,16844.8,A-75605-5
A-75678,0,2014-11-01,2018-10-31,624.0,13958.880000000001,A-75678-0
A-75678,1,2018-11-01,2019-10-31,624.0,14133.599999999999,A-75678-1
A-75678,2,2019-11-01,2020-06-30,624.0,14108.64,A-75678-2
A-76327,0,2016-10-01,2021-09-30,878.0,23574.300000000003,A-76327-0
A-76327,1,2021-10-01,2023-05-31,878.0,23986.96,A-76327-1
A-76327,2,2023-06-01,2024-09-30,878.0,24750.82,A-76327-2
A-76327,3,2024-10-01,2026-05-31,878.0,25058.12,A-76327-3
A-76383,0,2016-12-01,2024-03-31,1039.0,22920.34,A-76383-0
A-76383,1,2024-04-01,2025-11-30,1039.0,22941.12,A-76383-1
A-76383,2,2025-12-01,2027-03-31,1142.9,25520.957,A-76383-2
A-76574,0,2020-01-01,2026-12-31,1299.0,29760.09,A-76574-0
A-76574,1,2027-01-01,2029-04-30,1299.0,30825.27,A-76574-1
A-76574,2,2029-05-01,2029-12-31,1299.0,30916.2,A-76574-2
A-76574,3,2030-01-01,2030-12-31,1299.0,31357.86,A-76574-3
A-76574,4,2031-01-01,2032-04-30,1299.0,32397.06,A-76574-4
A-76574,5,2032-05-01,2033-04-30,1299.0,32981.61,A-76574-5
A-76574,6,2033-05-01,2034-04-30,1299.0,32994.6,A-76574-6
A-7674,0,2026-03-01,2033-06-30,256.0,6817.28,A-7674-0
A-7674,1,2033-07-01,2034-06-30,256.0,6865.92,A-7674-1
A-7674,2,2034-07-01,2035-10-31,256.0,6873.6,A-7674-2
A-76757,0,2025-11-15,2031-07-14,1160.0,32723.600000000002,A-76757-0
A-76757,1,2031-07-15,2032-11-14,1160.0,33210.799999999996,A-76757-1
A-76757,2,2032-11-15,2034-11-14,1160.0,33466.0,A-76757-2
A-76757,3,2034-11-15,2036-03-14,1160.0,33558.8,A-76757-3
A-76757,4,2036-03-15,2038-11-14,1160.0,34417.200000000004,A-76757-4
A-76925,0,2017-03-15,2025-11-14,386.0,9630.699999999999,A-76925-0
A-76925,1,2025-11-15,2027-11-14,386.0,10039.86,A-76925-1
A-76925,2,2027-11-15,2028-11-14,386.0,10429.72,A-76925-2
A-76925,3,2028-11-15,2031-07-14,386.0,10375.68,A-76925-3
A-76925,4,2031-07-15,2032-07-14,386.0,10360.24,A-76925-4
A-76925,5,2032-07-15,2034-03-14,386.0,10510.78,A-76925-5
A-77008,0,2026-06-01,2031-05-31,453.0,13848.210000000001,A-77008-0
A-77008,1,2031-06-01,2031-09-30,453.0,13789.32,A-77008-1
A-77008,2,2031-10-01,2033-01-31,453.0,13721.369999999999,A-77008-2
A-77132,0,2028-11-15,2035-11-14,1074.0,34282.08,A-77132-0
A-77132,1,2035-11-15,2037-07-14,1074.0,34217.64,A-77132-1
A-77132,2,2037-07-15,2038-03-14,1074.0,35259.42,A-77132-2
A-77132,3,2038-03-15,2039-07-14,1074.0,36226.02,A-77132-3
A-77298,0,2007-06-01,2014-01-31,850.0,21581.5,A-77298-0
A-77298,1,2014-02-01,2016-01-31,850.0,21802.5,A-77298-1
A-77298,2,2016-02-01,2017-01-31,850.0,22635.5,A-77298-2
A-77428,0,2022-03-15,2029-11-14,575.0,14490.0,A-77428-0
A-77428,1,2029-11-15,2030-11-14,575.0,14691.25,A-77428-1
A-77428,2,2030-11-15,2032-03-14,575.0,14846.5,A-77428-2
A-77562,0,2009-06-15,2013-02-14,246.0,6366.48,A-77562-0
A-77562,1,2013-02-15,2014-02-14,123.0,3277.95,A-77562-1
A-77562,2,2014-02-15,2016-06-14,123.0,3289.02,A-77562-2
A-77562,3,2016-06-15,2017-02-14,123.0,3423.0899999999997,A-77562-3
A-77768,0,2028-02-01,2033-05-31,763.0,20234.76,A-77768-0
A-77768,1,2033-06-01,2034-09-30,763.0,20921.460000000003,A-77768-1
A-77768,2,2034-10-01,2036-01-31,763.0,20898.57,A-77768-2
A-77768,3,2036-02-01,2037-05-31,763.0,21714.98,A-77768-3
A-78486,0,2019-11-15,2027-07-14,1244.0,29930.64,A-78486-0
A-78486,1,2027-07-15,2029-03-14,1244.0,30403.36,A-78486-1
A-78486,2,2029-03-15,2030-03-14,1244.0,31510.519999999997,A-78486-2
A-78486,3,2030-03-15,2032-03-14,622.0,15923.2,A-78486-3
A-78486,4,2032-03-15,2032-11-14,622.0,16134.68,A-78486-4
A-78486,5,2032-11-15,2034-07-14,622.0,16240.42,A-78486-5
A-78819,0,2019-01-15,2023-01-14,326.0,8886.76,A-78819-0
A-78819,1,2023-01-15,2025-01-14,326.0,8987.82,A-78819-1
A-78819,2,2025-01-15,2026-09-14,326.0,9137.78,A-78819-2
A-78819,3,2026-09-15,2029-05-14,326.0,9405.1,A-78819-3
A-78930,0,2017-08-15,2021-12-14,1190.0,26049.100000000002,A-78930-0
A-79530,0,2023-02-01,2029-05-31,854.0,19539.52,A-79530-0
A-79530,1,2029-06-01,2031-05-31,854.0,19735.94,A-79530-1
A-79530,2,2031-06-01,2032-05-31,854.0,20496.0,A-79530-2
A-79530,3,2032-06-01,2034-01-31,854.0,21068.18,A-79530-3
A-79530,4,2034-02-01,2035-01-31,854.0,20837.6,A-79530-4
A-79646,0,2022-12-15,2030-04-14,1495.0,39378.3,A-79646-0
A-79646,1,2030-04-15,2031-04-14,1495.0,39303.549999999996,A-79646-1
A-79646,2,2031-04-15,2033-12-14,1495.0,40260.35,A-79646-2
A-80027,0,2006-05-15,2014-01-14,968.0,26416.719999999998,A-80027-0
A-80027,1,2014-01-15,2014-05-14,968.0,26223.12,A-80027-1
A-80027,2,2014-05-15,2016-01-14,968.0,26736.16,A-80027-2
A-80027,3,2016-01-15,2017-05-14,968.0,27200.800000000003,A-80027-3
A-80027,4,2017-05-15,2019-01-14,968.0,27413.760000000002,A-80027-4
A-80207,0,2027-02-15,2032-06-14,684.0,17141.04,A-80207-0
A-80207,1,2032-06-15,2033-02-14,684.0,17640.36,A-80207-1
A-80207,2,2033-02-15,2034-02-14,547.2,14292.864000000001,A-80207-2
A-80207,3,2034-02-15,2035-06-14,547.2,14550.048,A-80207-3
A-80394,0,2019-02-15,2023-06-14,809.0,24189.1,A-80394-0
A-80673,0,2017-12-01,2025-07-31,605.0,16806.9,A-80673-0
A-80673,1,2025-08-01,2027-07-31,605.0,16776.65,A-80673-1
A-80673,2,2027-08-01,2028-07-31,484.0,13711.72,A-80673-2
A-80673,3,2028-08-01,2029-11-30,484.0,13552.0,A-80673-3
A-80673,4,2029-12-01,2031-07-31,484.0,13716.56,A-80673-4
A-80673,5,2031-08-01,2032-07-31,484.0,14026.32,A-80673-5
A-80747,0,2025-11-15,2031-07-14,387.0,11041.11,A-80747-0
A-80747,1,2031-07-15,2035-03-14,387.0,11300.4,A-80747-1
A-80747,2,2035-03-15,2036-11-14,387.0,11373.93,A-80747-2
A-80747,3,2036-11-15,2039-03-14,387.0,11517.12,A-80747-3
A-80747,4,2039-03-15,2039-07-14,387.0,11768.67,A-80747-4
A-80747,5,2039-07-15,2041-07-14,387.0,11675.79,A-80747-5
A-80779,0,2015-02-01,2025-01-31,880.0,24411.199999999997,A-80779-0
A-80838,0,2029-06-15,2037-02-14,564.0,18995.52,A-80838-0
A-80838,1,2037-02-15,2038-06-14,564.0,19345.199999999997,A-80838-1
A-80838,2,2038-06-15,2038-10-14,564.0,20157.36,A-80838-2
A-81294,0,2012-02-15,2018-02-14,1174.0,33200.72,A-81294-0
A-81294,1,2018-02-15,2019-10-14,1174.0,34139.92,A-81294-1
A-81294,2,2019-10-15,2021-02-14,1174.0,34445.159999999996,A-81294-2
A-81294,3,2021-02-15,2021-10-14,1174.0,34773.880000000005,A-81294-3
A-81401,0,2023-09-15,2030-09-14,1181.0,29902.920000000002,A-81401-0
A-81401,1,2030-09-15,2032-05-14,1181.0,29902.920000000002,A-81401-1
A-81401,2,2032-05-15,2035-01-14,1181.0,30068.260000000002,A-81401-2
A-81401,3,2035-01-15,2036-01-14,1181.0,30706.0,A-81401-3
A-81770,0,2014-02-01,2021-09-30,487.0,13139.26,A-81770-0
A-81770,1,2021-10-01,2024-09-30,487.0,13236.66,A-81770-1
A-81770,2,2024-10-01,2025-05-31,487.0,13689.57,A-81770-2
A-81770,3,2025-06-01,2026-01-31,487.0,13679.83,A-81770-3
A-81770,4,2026-02-01,2027-01-31,487.0,14069.43,A-81770-4
A-81770,5,2027-02-01,2028-01-31,584.4,17602.128,A-81770-5
A-81816,0,2020-03-15,2027-07-14,409.0,9251.58,A-81816-0
A-81816,1,2027-07-15,2029-03-14,409.0,9382.460000000001,A-81816-1
A-81816,2,2029-03-15,2031-03-14,409.0,9447.900000000001,A-81816-2
A-81816,3,2031-03-15,2031-07-14,409.0,9562.42,A-81816-3
A-81873,0,2025-12-01,2031-11-30,469.0,13629.14,A-81873-0
A-81873,1,2031-12-01,2033-07-31,469.0,13690.11,A-81873-1
A-81873,2,2033-08-01,2034-11-30,469.0,13929.3,A-81873-2
A-82008,0,2010-02-15,2017-06-14,793.0,19650.54,A-82008-0
A-82008,1,2017-06-15,2019-10-14,793.0,19539.52,A-82008-1
A-82008,2,2019-10-15,2021-10-14,793.0,19737.77,A-82008-2
A-82008,3,2021-10-15,2023-02-14,793.0,20039.11,A-82008-3
A-82648,0,2008-02-01,2014-05-31,1461.0,34479.6,A-82648-0
A-82648,1,2014-06-01,2015-09-30,1461.0,34421.159999999996,A-82648-1
A-82648,2,2015-10-01,2016-05-31,1461.0,34801.02,A-82648-2
A-82648,3,2016-06-01,2017-05-31,1461.0,36349.68,A-82648-3
A-82648,4,2017-06-01,2018-09-30,1461.0,36729.54,A-82648-4
A-82648,5,2018-10-01,2020-09-30,1461.0,37240.89,A-82648-5
A-82648,6,2020-10-01,2022-05-31,1461.0,37211.67,A-82648-6
A-82657,0,2012-10-01,2020-01-31,895.0,27252.75,A-82657-0
A-82657,1,2020-02-01,2020-09-30,895.0,28013.5,A-82657-1
A-82657,2,2020-10-01,2022-01-31,895.0,27950.850000000002,A-82657-2
A-82657,3,2022-02-01,2024-01-31,895.0,27941.899999999998,A-82657-3
A-82657,4,2024-02-01,2024-09-30,895.0,28971.149999999998,A-82657-4
A-82785,0,2029-06-15,2035-06-14,566.0,15293.32,A-82785-0
A-82785,1,2035-06-15,2036-10-14,566.0,15542.36,A-82785-1
A-82785,2,2036-10-15,2038-06-14,566.0,15536.699999999999,A-82785-2
A-82785,3,2038-06-15,2039-06-14,849.0,23890.86,A-82785-3
A-82785,4,2039-06-15,2041-06-14,849.0,24221.97,A-82785-4
A-82785,5,2041-06-15,2042-02-14,849.0,24111.6,A-82785-5
A-82833,0,2008-09-15,2015-09-14,1352.0,32826.560000000005,A-82833-0
A-82833,1,2015-09-15,2017-01-14,1352.0,33678.32,A-82833-1
A-82833,2,2017-01-15,2017-09-14,1352.0,33299.76,A-82833-2
A-83013,0,2017-10-15,2024-06-14,1156.0,26345.239999999998,A-83013-0
A-83013,1,2024-06-15,2026-02-14,1156.0,27316.28,A-83013-1
A-83013,2,2026-02-15,2027-10-14,1271.6000000000001,30340.376000000004,A-83013-2
A-83013,3,2027-10-15,2028-10-14,1271.6000000000001,31154.200000000004,A-83013-3
A-83045,0,2017-09-15,2024-01-14,1681.0,45387.0,A-83045-0
A-83045,1,2024-01-15,2025-01-14,1681.0,46261.12,A-83045-1
A-83045,2,2025-01-15,2026-01-14,1344.8000000000002,37694.744000000006,A-83045-2
A-83045,3,2026-01-15,2028-01-14,1344.8000000000002,38407.488000000005,A-83045-3
A-83045,4,2028-01-15,2028-09-14,1344.8000000000002,38555.416000000005,A-83045-4
A-83254,0,2012-03-15,2020-07-14,752.0,19273.76,A-83254-0
A-83432,0,2020-08-15,2027-04-14,297.0,6694.38,A-83432-0
A-83432,1,2027-04-15,2028-08-14,297.0,6839.910000000001,A-83432-1
A-83432,2,2028-08-15,2029-12-14,297.0,7050.78,A-83432-2
A-83432,3,2029-12-15,2030-04-14,297.0,7226.009999999999,A-83432-3
A-83432,4,2030-04-15,2031-12-14,297.0,7481.43,A-83432-4
A-83579,0,2018-11-15,2025-11-14,340.0,8051.2,A-83579-0
A-83579,1,2025-11-15,2027-03-14,340.0,8132.8,A-83579-1
A-83579,2,2027-03-15,2028-07-14,340.0,8160.0,A-83579-2
A-83579,3,2028-07-15,2030-07-14,340.0,8282.4,A-83579-3
A-83579,4,2030-07-15,2032-07-14,510.0,12790.8,A-83579-4
A-83590,0,2018-06-15,2024-02-14,322.0,8520.12,A-83590-0
A-83590,1,2024-02-15,2024-06-14,322.0,8729.42,A-83590-1
A-83590,2,2024-06-15,2025-10-14,322.0,8787.38,A-83590-2
A-83590,3,2025-10-15,2027-10-14,322.0,8819.58,A-83590-3
A-83590,4,2027-10-15,2029-02-14,322.0,8983.8,A-83590-4
A-83767,0,2024-11-15,2031-03-14,513.0,16328.789999999999,A-83767-0
A-83767,1,2031-03-15,2032-03-14,513.0,16585.29,A-83767-1
A-83767,2,2032-03-15,2033-07-14,513.0,16569.899999999998,A-83767-2
A-83853,0,2025-03-01,2033-06-30,580.0,15926.800000000001,A-83853-0
A-83853,1,2033-07-01,2034-06-30,522.0,14459.4,A-83853-1
A-83853,2,2034-07-01,2035-10-31,522.0,14918.759999999998,A-83853-2
A-83853,3,2035-11-01,2036-10-31,522.0,15670.44,A-83853-3
A-83853,4,2036-11-01,2038-06-30,522.0,16228.98,A-83853-4
A-83887,0,2026-01-15,2032-05-14,1412.0,37375.64,A-83887-0
A-83887,1,2032-05-15,2033-09-14,1412.0,38378.159999999996,A-83887-1
A-83887,2,2033-09-15,2034-09-14,1412.0,38858.24,A-83887-2
A-8401,0,2007-05-01,2010-04-30,928.0,21511.04,A-8401-0
A-8401,1,2010-05-01,2013-08-31,928.0,21705.920000000002,A-8401-1
A-8401,2,2013-09-01,2014-08-31,928.0,22466.88,A-8401-2
A-8401,3,2014-09-01,2015-12-31,928.0,22466.88,A-8401-3
A-8402,0,2012-11-01,2019-06-30,1106.0,33390.14,A-8402-0
A-8402,1,2019-07-01,2021-06-30,1106.0,34197.520000000004,A-8402-1
A-8402,2,2021-07-01,2022-06-30,1106.0,34938.54,A-8402-2
A-84520,0,2027-04-15,2034-08-14,942.0,24331.859999999997,A-84520-0
A-84520,1,2034-08-15,2036-04-14,942.0,24925.32,A-84520-1
A-84520,2,2036-04-15,2037-12-14,942.0,25726.02,A-84520-2
A-84520,3,2037-12-15,2038-12-14,942.0,26489.04,A-84520-3
A-84817,0,2024-12-15,2031-04-14,1024.0,29429.76,A-84817-0
A-84817,1,2031-04-15,2032-04-14,1024.0,29603.84,A-84817-1
A-84817,2,2032-04-15,2033-04-14,1024.0,29706.24,A-84817-2
A-84817,3,2033-04-15,2034-08-14,1024.0,30341.12,A-84817-3
A-84817,4,2034-08-15,2036-08-14,1024.0,30720.0,A-84817-4
A-84817,5,2036-08-15,2037-08-14,1024.0,31498.24,A-84817-5
A-84817,6,2037-08-15,2038-08-14,1024.0,31897.6,A-84817-6
A-84817,7,2038-08-15,2040-04-14,1024.0,31713.28,A-84817-7
A-84818,0,2010-09-15,2015-01-14,263.0,6159.46,A-84818-0
A-84818,1,2015-01-15,2016-05-14,263.0,6159.46,A-84818-1
A-84818,2,2016-05-15,2017-09-14,263.0,6230.47,A-84818-2
A-84865,0,2008-04-15,2015-04-14,788.0,18478.6,A-84865-0
A-84865,1,2015-04-15,2016-08-14,788.0,18399.800000000003,A-84865-1
A-84865,2,2016-08-15,2018-12-14,788.0,18935.64,A-84865-2
A-84865,3,2018-12-15,2020-08-14,788.0,19266.6,A-84865-3
A-84865,4,2020-08-15,2022-04-14,788.0,19463.6,A-84865-4
A-85025,0,2027-08-01,2034-03-31,728.0,19765.2,A-85025-0
A-85025,1,2034-04-01,2035-07-31,728.0,19903.52,A-85025-1
A-85025,2,2035-08-01,2036-11-30,728.0,20012.719999999998,A-85025-2
A-85025,3,2036-12-01,2037-07-31,728.0,20449.52,A-85025-3
A-85486,0,2016-05-15,2025-05-14,837.0,26516.16,A-85486-0
A-85486,1,2025-05-15,2028-01-14,837.0,26491.05,A-85486-1
A-85486,2,2028-01-15,2029-09-14,837.0,26432.46,A-85486-2
A-85486,3,2029-09-15,2031-09-14,837.0,26700.3,A-85486-3
A-85486,4,2031-09-15,2033-01-14,837.0,26800.74,A-85486-4
A-85486,5,2033-01-15,2034-09-14,837.0,27001.62,A-85486-5
A-85579,0,2024-11-01,2031-02-28,611.0,14920.62,A-85579-0
A-85579,1,2031-03-01,2033-06-30,611.0,15268.89,A-85579-1
A-85579,2,2033-07-01,2035-10-31,611.0,15372.76,A-85579-2
A-85605,0,2023-10-15,2033-02-14,1075.0,27294.25,A-85605-0
A-85605,1,2033-02-15,2033-10-14,1075.0,27885.5,A-85605-1
A-85605,2,2033-10-15,2035-10-14,1075.0,28035.999999999996,A-85605-2
A-85605,3,2035-10-15,2037-02-14,1075.0,28283.25,A-85605-3
A-85674,0,2015-05-01,2025-04-30,965.0,25398.8,A-85674-0
A-85674,1,2025-05-01,2026-08-31,965.0,25591.8,A-85674-1
A-85995,0,2026-06-01,2031-05-31,762.0,20612.100000000002,A-85995-0
A-85995,1,2031-06-01,2033-05-31,914.4,25776.936,A-85995-1
A-85995,2,2033-06-01,2034-01-31,914.4,25895.808,A-85995-2
A-86078,0,2016-01-01,2022-04-30,701.0,18240.02,A-86078-0
A-86078,1,2022-05-01,2022-12-31,701.0,18779.79,A-86078-1
A-86304,0,2022-01-01,2026-08-31,410.0,9647.300000000001,A-86304-0
A-86304,1,2026-09-01,2028-04-30,410.0,9893.3,A-86304-1
A-86304,2,2028-05-01,2029-12-31,410.0,9881.0,A-86304-2
A-86304,3,2030-01-01,2031-08-31,410.0,9991.7,A-86304-3
A-86304,4,2031-09-01,2032-08-31,410.0,10016.3,A-86304-4
A-86304,5,2032-09-01,2033-08-31,410.0,10057.300000000001,A-86304-5
A-86315,0,2028-09-15,2038-01-14,557.0,13278.88,A-86315-0
A-86315,1,2038-01-15,2039-01-14,557.0,14030.83,A-86315-1
A-86483,0,2020-05-15,2025-09-14,899.0,23580.77,A-86483-0
A-86483,1,2025-09-15,2026-09-14,899.0,23895.42,A-86483-1
A-86483,2,2026-09-15,2028-05-14,1078.8,29462.028,A-86483-2
A-86483,3,2028-05-15,2029-05-14,1078.8,29785.667999999998,A-86483-3
A-8668,0,2023-07-01,2030-06-30,467.0,12394.18,A-8668-0
A-8668,1,2030-07-01,2031-06-30,467.0,12431.54,A-8668-1
A-8668,2,2031-07-01,2032-10-31,513.7,13813.393000000002,A-8668-2
A-8668,3,2032-11-01,2033-06-30,513.7,13736.338,A-8668-3
A-8668,4,2033-07-01,2035-10-31,513.7,14018.873000000001,A-8668-4
A-86837,0,2029-05-15,2034-09-14,552.0,14081.52,A-86837-0
A-86837,1,2034-09-15,2036-01-14,552.0,14197.439999999999,A-86837-1
A-86837,2,2036-01-15,2037-01-14,441.6,12007.104000000001,A-86837-2
A-86837,3,2037-01-15,2038-01-14,441.6,12325.056,A-86837-3
A-87036,0,2029-02-01,2035-01-31,1091.0,34377.41,A-87036-0
A-87036,1,2035-02-01,2035-09-30,1636.5,51713.4,A-87036-1
A-87036,2,2035-10-01,2037-09-30,1636.5,53153.52,A-87036-2
A-87036,3,2037-10-01,2038-09-30,1472.8500000000001,49502.48850000001,A-87036-3
A-87036,4,2038-10-01,2039-09-30,1472.8500000000001,49708.68750000001,A-87036-4
A-87036,5,2039-10-01,2041-01-31,1472.8500000000001,50297.8275,A-87036-5
A-87036,6,2041-02-01,2042-01-31,1472.8500000000001,50003.25750000001,A-87036-6
A-87036,7,2042-02-01,2044-01-31,1472.8500000000001,51564.478500000005,A-87036-7
A-87036,8,2044-02-01,2045-01-31,1472.8500000000001,53199.342000000004,A-87036-8
A-871,0,2014-06-15,2019-06-14,984.0,25721.760000000002,A-871-0
A-871,1,2019-06-15,2020-10-14,984.0,25584.0,A-871-1
A-871,2,2020-10-15,2022-10-14,984.0,25731.6,A-871-2
A-8728,0,2017-04-01,2023-11-30,887.0,21509.75,A-8728-0
A-8728,1,2023-12-01,2025-07-31,887.0,21589.579999999998,A-8728-1
A-8728,2,2025-08-01,2026-11-30,887.0,21908.899999999998,A-8728-2
A-8728,3,2026-12-01,2028-07-31,887.0,21784.719999999998,A-8728-3
A-87373,0,2018-12-15,2025-08-14,547.0,12028.529999999999,A-87373-0
A-87373,1,2025-08-15,2026-12-14,547.0,12154.34,A-87373-1
A-87373,2,2026-12-15,2028-04-14,547.0,12663.05,A-87373-2
A-87373,3,2028-04-15,2028-08-14,547.0,12838.09,A-87373-3
A-87525,0,2024-08-01,2030-11-30,662.0,17331.16,A-87525-0
A-87525,1,2030-12-01,2032-07-31,662.0,17642.3,A-87525-1
A-87525,2,2032-08-01,2034-11-30,662.0,18357.260000000002,A-87525-2
A-87525,3,2034-12-01,2036-03-31,662.0,18688.260000000002,A-87525-3
A-87525,4,2036-04-01,2037-11-30,662.0,19231.100000000002,A-87525-4
A-87525,5,2037-12-01,2039-03-31,662.0,19621.68,A-87525-5
A-87635,0,2024-09-15,2029-01-14,1503.0,46577.97,A-87635-0
A-87635,1,2029-01-15,2030-09-14,1503.0,47584.98,A-87635-1
A-87635,2,2030-09-15,2031-09-14,2254.5,71332.38,A-87635-2
A-87635,3,2031-09-15,2033-01-14,2254.5,72234.18,A-87635-3
A-87751,0,2012-11-15,2020-11-14,626.0,18385.62,A-87751-0
A-8799,0,2011-12-01,2018-11-30,874.0,24769.16,A-8799-0
A-8799,1,2018-12-01,2019-11-30,874.0,25127.5,A-8799-1
A-8799,2,2019-12-01,2020-03-31,874.0,25013.88,A-8799-2
A-8799,3,2020-04-01,2021-11-30,874.0,25739.3,A-8799-3
A-88151,0,2009-08-15,2016-12-14,319.0,8667.230000000001,A-88151-0
A-88151,1,2016-12-15,2018-04-14,319.0,8906.480000000001,A-88151-1
A-88151,2,2018-04-15,2019-08-14,319.0,8820.35,A-88151-2
A-88209,0,2017-07-15,2023-07-14,1138.0,31659.16,A-88209-0
A-88209,1,2023-07-15,2025-11-14,1138.0,32125.74,A-88209-1
A-88286,0,2009-05-15,2017-09-14,470.0,11994.4,A-88286-0
A-88286,1,2017-09-15,2019-01-14,470.0,12102.5,A-88286-1
A-88286,2,2019-01-15,2019-05-14,470.0,12271.699999999999,A-88286-2
A-88365,0,2021-06-01,2027-05-31,587.0,14381.5,A-88365-0
A-88365,1,2027-06-01,2029-05-31,587.0,14545.86,A-88365-1
A-88605,0,2012-02-15,2018-10-14,1056.0,29789.760000000002,A-88605-0
A-88605,1,2018-10-15,2019-02-14,1056.0,29874.239999999998,A-88605-1
A-88605,2,2019-02-15,2020-10-14,1056.0,30254.399999999998,A-88605-2
A-88827,0,2021-10-15,2029-06-14,1006.0,21156.18,A-88827-0
A-88827,1,2029-06-15,2031-02-14,503.0,10542.880000000001,A-88827-1
A-88929,0,2026-03-01,2033-06-30,951.0,26561.43,A-88929-0
A-88929,1,2033-07-01,2034-06-30,951.0,26542.41,A-88929-1
A-88929,2,2034-07-01,2036-02-29,951.0,27341.25,A-88929-2
A-88929,3,2036-03-01,2037-06-30,951.0,27702.629999999997,A-88929-3
A-88929,4,2037-07-01,2038-02-28,951.0,28663.14,A-88929-4
A-88981,0,2021-02-15,2028-02-14,893.0,25004.0,A-88981-0
A-88981,1,2028-02-15,2028-06-14,893.0,25504.079999999998,A-88981-1
A-89070,0,2009-01-01,2018-04-30,1566.0,42845.76,A-89070-0
A-89070,1,2018-05-01,2019-04-30,1566.0,43002.36,A-89070-1
A-89070,2,2019-05-01,2020-04-30,1566.0,42955.38,A-89070-2
A-89070,3,2020-05-01,2021-04-30,1566.0,42955.38,A-89070-3
A-89070,4,2021-05-01,2023-12-31,1566.0,43049.34,A-89070-4
A-89094,0,2012-04-15,2018-04-14,543.0,12483.57,A-89094-0
A-89094,1,2018-04-15,2019-12-14,543.0,12852.810000000001,A-89094-1
A-89094,2,2019-12-15,2020-08-14,543.0,13097.16,A-89094-2
A-89125,0,2020-11-01,2030-10-31,217.0,5487.929999999999,A-89125-0
A-89125,1,2030-11-01,2032-06-30,217.0,5544.35,A-89125-1
A-89125,2,2032-07-01,2033-06-30,217.0,5518.3099999999995,A-89125-2
A-89393,0,2020-01-15,2028-05-14,942.0,29126.640000000003,A-89393-0
A-89393,1,2028-05-15,2029-05-14,942.0,29230.260000000002,A-89393-1
A-89393,2,2029-05-15,2030-09-14,942.0,29343.3,A-89393-2
A-89393,3,2030-09-15,2032-05-14,942.0,30153.42,A-89393-3
A-89449,0,2012-07-01,2018-06-30,912.0,21295.2,A-89449-0
A-89449,1,2018-07-01,2021-02-28,912.0,21833.280000000002,A-89449-1
A-89449,2,2021-03-01,2024-02-29,912.0,22015.68,A-89449-2
A-89449,3,2024-03-01,2025-02-28,820.8000000000001,20011.104,A-89449-3
A-89494,0,2016-10-01,2025-05-31,1097.0,31308.379999999997,A-89494-0
A-89494,1,2025-06-01,2027-09-30,1097.0,31791.06,A-89494-1
A-89494,2,2027-10-01,2028-05-31,1097.0,32043.370000000003,A-89494-2
A-89494,3,2028-06-01,2029-09-30,1097.0,32613.81,A-89494-3
A-89494,4,2029-10-01,2031-09-30,1097.0,32833.21,A-89494-4
A-89494,5,2031-10-01,2033-01-31,1097.0,33151.34,A-89494-5
A-89513,0,2029-05-15,2036-09-14,267.0,8709.539999999999,A-89513-0
A-89513,1,2036-09-15,2038-09-14,267.0,9059.31,A-89513-1
A-89513,2,2038-09-15,2040-05-14,213.60000000000002,7249.584,A-89513-2
A-89513,3,2040-05-15,2041-05-14,213.60000000000002,7245.312000000001,A-89513-3
A-89651,0,2022-09-01,2028-12-31,792.0,21075.12,A-89651-0
A-89651,1,2029-01-01,2030-12-31,792.0,21566.16,A-89651-1
A-89651,2,2031-01-01,2032-04-30,792.0,21843.359999999997,A-89651-2
A-89651,3,2032-05-01,2033-08-31,792.0,22777.920000000002,A-89651-3
A-89651,4,2033-09-01,2034-08-31,792.0,23577.84,A-89651-4
A-90176,0,2017-10-15,2025-06-14,1112.0,29445.760000000002,A-90176-0
A-90176,1,2025-06-15,2026-02-14,1112.0,30201.920000000002,A-90176-1
A-90176,2,2026-02-15,2027-02-14,1112.0,29990.64,A-90176-2
A-90251,0,2015-08-15,2022-12-14,744.0,22476.24,A-90251-0
A-90251,1,2022-12-15,2023-12-14,818.4000000000001,24862.992000000002,A-90251-1
A-90251,2,2023-12-15,2025-12-14,736.5600000000001,22442.983200000002,A-90251-2
A-90956,0,2019-11-01,2023-10-31,387.0,10445.13,A-90956-0
A-90956,1,2023-11-01,2024-10-31,387.0,10526.4,A-90956-1
A-91172,0,2025-08-01,2033-03-31,783.0,23067.18,A-91172-0
A-91172,1,2033-04-01,2034-03-31,783.0,23403.87,A-91172-1
A-91172,2,2034-04-01,2035-03-31,783.0,23771.88,A-91172-2
A-91172,3,2035-04-01,2035-11-30,783.0,24343.47,A-91172-3
A-91172,4,2035-12-01,2036-11-30,783.0,25040.34,A-91172-4
A-91172,5,2036-12-01,2037-07-31,783.0,25259.579999999998,A-91172-5
A-91268,0,2008-04-15,2017-04-14,560.0,13356.0,A-91268-0
A-91268,1,2017-04-15,2017-12-14,560.0,13445.6,A-91268-1
A-91268,2,2017-12-15,2019-08-14,560.0,13524.0,A-91268-2
A-91268,3,2019-08-15,2020-12-14,560.0,13647.2,A-91268-3
A-91268,4,2020-12-15,2022-12-14,560.0,13675.2,A-91268-4
A-91268,5,2022-12-15,2023-12-14,560.0,14330.4,A-91268-5
A-91268,6,2023-12-15,2025-12-14,560.0,14408.800000000001,A-91268-6
A-91370,0,2023-04-01,2030-03-31,622.0,16439.46,A-91370-0
A-91370,1,2030-04-01,2031-03-31,622.0,16750.46,A-91370-1
A-91370,2,2031-04-01,2031-11-30,622.0,16999.26,A-91370-2
A-91430,0,2026-05-01,2033-04-30,772.0,22287.64,A-91430-0
A-91738,0,2017-11-15,2028-03-14,569.0,16062.87,A-91738-0
A-91738,1,2028-03-15,2029-03-14,569.0,16404.27,A-91738-1
A-91738,2,2029-03-15,2030-11-14,569.0,16683.08,A-91738-2
A-9221,0,2006-03-15,2011-11-14,881.0,21417.11,A-9221-0
A-9221,1,2011-11-15,2012-03-14,881.0,21848.8,A-9221-1
A-92398,0,2023-01-01,2030-04-30,741.0,20651.670000000002,A-92398-0
A-92398,1,2030-05-01,2031-04-30,741.0,20896.2,A-92398-1
A-92509,0,2026-08-01,2034-03-31,943.0,25611.88,A-92509-0
A-92509,1,2034-04-01,2035-07-31,943.0,25875.920000000002,A-92509-1
A-92509,2,2035-08-01,2037-11-30,943.0,26121.1,A-92509-2
A-92509,3,2037-12-01,2039-11-30,943.0,26149.39,A-92509-3
A-92509,4,2039-12-01,2040-07-31,943.0,26394.57,A-92509-4
A-92509,5,2040-08-01,2041-11-30,943.0,26366.280000000002,A-92509-5
A-92724,0,2016-06-15,2027-10-14,985.0,25747.9,A-92724-0
A-92724,1,2027-10-15,2028-10-14,985.0,26388.149999999998,A-92724-1
A-92724,2,2028-10-15,2029-10-14,985.0,26939.75,A-92724-2
A-92724,3,2029-10-15,2030-06-14,985.0,27107.2,A-92724-3
A-92905,0,2025-04-15,2031-12-14,800.0,21672.0,A-92905-0
A-92905,1,2031-12-15,2033-12-14,800.0,22416.0,A-92905-1
A-92905,2,2033-12-15,2034-12-14,800.0,23032.0,A-92905-2
A-92905,3,2034-12-15,2036-12-14,800.0,23160.0,A-92905-3
A-92905,4,2036-12-15,2037-08-14,800.0,23576.0,A-92905-4
A-93089,0,2017-11-01,2020-10-31,948.0,20903.4,A-93089-0
A-93089,1,2020-11-01,2022-02-28,948.0,20884.440000000002,A-93089-1
A-93089,2,2022-03-01,2022-06-30,948.0,21348.96,A-93089-2
A-93089,3,2022-07-01,2023-10-31,948.0,21804.0,A-93089-3
A-93089,4,2023-11-01,2024-10-31,1422.0,32606.46,A-93089-4
A-93089,5,2024-11-01,2026-02-28,1422.0,33118.38,A-93089-5
A-93255,0,2011-12-01,2019-11-30,1386.0,37200.24,A-93255-0
A-93255,1,2019-12-01,2020-11-30,1386.0,37629.9,A-93255-1
A-93255,2,2020-12-01,2022-03-31,1386.0,38655.54,A-93255-2
A-93255,3,2022-04-01,2024-07-31,1386.0,38877.3,A-93255-3
A-93374,0,2021-12-15,2028-12-14,611.0,13087.62,A-93374-0
A-93374,1,2028-12-15,2030-04-14,611.0,13283.14,A-93374-1
A-93374,2,2030-04-15,2031-04-14,305.5,6568.25,A-93374-2
A-93929,0,2005-11-15,2011-07-14,822.0,20352.72,A-93929-0
A-93929,1,2011-07-15,2014-03-14,822.0,20550.0,A-93929-1
A-93929,2,2014-03-15,2015-07-14,822.0,20451.36,A-93929-2
A-94635,0,2009-08-01,2015-03-31,487.0,12330.84,A-94635-0
A-9474,0,2025-03-15,2032-07-14,363.0,9307.32,A-9474-0
A-9474,1,2032-07-15,2033-07-14,363.0,9474.300000000001,A-9474-1
A-9474,2,2033-07-15,2035-11-14,363.0,9467.039999999999,A-9474-2
A-9474,3,2035-11-15,2037-03-14,363.0,9797.369999999999,A-9474-3
A-9474,4,2037-03-15,2038-07-14,363.0,10102.289999999999,A-9474-4
A-94834,0,2028-10-15,2035-06-14,877.0,20811.21,A-94834-0
A-94834,1,2035-06-15,2036-10-14,877.0,21346.18,A-94834-1
A-94951,0,2025-10-01,2033-05-31,1329.0,33955.950000000004,A-94951-0
A-94951,1,2033-06-01,2035-01-31,1329.0,34686.9,A-94951-1
A-94951,2,2035-02-01,2036-09-30,1329.0,36946.200000000004,A-94951-2
A-94951,3,2036-10-01,2037-09-30,1329.0,37225.29,A-94951-3
A-95047,0,2024-01-01,2030-08-31,1211.0,31812.97,A-95047-0
A-95047,1,2030-09-01,2032-04-30,1332.1000000000001,36139.873,A-95047-1
A-95386,0,2027-04-01,2033-03-31,246.0,7303.740000000001,A-95386-0
A-95386,1,2033-04-01,2034-03-31,246.0,7377.54,A-95386-1
A-95386,2,2034-04-01,2035-07-31,246.0,7308.66,A-95386-2
A-95386,3,2035-08-01,2036-03-31,246.0,7520.22,A-95386-3
A-95386,4,2036-04-01,2036-11-30,246.0,7468.5599999999995,A-95386-4
A-95386,5,2036-12-01,2037-11-30,246.0,7618.62,A-95386-5
A-95386,6,2037-12-01,2039-11-30,246.0,7566.96,A-95386-6
A-95386,7,2039-12-01,2041-03-31,246.0,7874.459999999999,A-95386-7
A-9542,0,2021-07-15,2029-03-14,929.0,23187.84,A-9542-0
A-9542,1,2029-03-15,2029-11-14,929.0,23512.989999999998,A-9542-1
A-9542,2,2029-11-15,2030-07-14,929.0,23447.96,A-9542-2
A-9542,3,2030-07-15,2032-03-14,929.0,23531.57,A-9542-3
A-95440,0,2021-11-01,2030-02-28,626.0,14354.18,A-95440-0
A-95440,1,2030-03-01,2032-02-29,626.0,14410.52,A-95440-1
A-95440,2,2032-03-01,2033-10-31,626.0,14817.420000000002,A-95440-2
A-95440,3,2033-11-01,2035-10-31,626.0,14823.68,A-95440-3
A-95440,4,2035-11-01,2036-10-31,626.0,15330.74,A-95440-4
A-95440,5,2036-11-01,2037-02-28,626.0,15775.199999999999,A-95440-5
A-95440,6,2037-03-01,2038-06-30,626.0,16038.12,A-95440-6
A-95479,0,2022-04-15,2028-12-14,736.0,20276.8,A-95479-0
A-95479,1,2028-12-15,2030-08-14,736.0,20497.600000000002,A-95479-1
A-95479,2,2030-08-15,2032-04-14,736.0,21071.68,A-95479-2
A-95479,3,2032-04-15,2034-08-14,588.8000000000001,16786.688000000002,A-95479-3
A-95479,4,2034-08-15,2036-04-14,588.8000000000001,17528.576,A-95479-4
A-95479,5,2036-04-15,2038-08-14,588.8000000000001,17652.224000000002,A-95479-5
A-95479,6,2038-08-15,2039-04-14,588.8000000000001,17852.416,A-95479-6
A-95736,0,2029-02-15,2036-10-14,1152.0,33235.200000000004,A-95736-0
A-95736,1,2036-10-15,2038-06-14,1152.0,34536.96,A-95736-1
A-95736,2,2038-06-15,2040-02-14,1152.0,34560.0,A-95736-2
A-95736,3,2040-02-15,2041-02-14,1036.8,31570.559999999998,A-95736-3
A-95736,4,2041-02-15,2042-02-14,1036.8,31591.296,A-95736-4
A-95756,0,2016-01-15,2023-05-14,868.0,18852.96,A-95756-0
A-95756,1,2023-05-15,2024-05-14,868.0,19226.199999999997,A-95756-1
A-95756,2,2024-05-15,2026-01-14,868.0,19234.88,A-95756-2
A-9585,0,2018-08-15,2022-12-14,839.0,22653.0,A-9585-0
A-9585,1,2022-12-15,2023-08-14,839.0,22946.65,A-9585-1
A-9585,2,2023-08-15,2024-12-14,671.2,18880.856,A-9585-2
A-9585,3,2024-12-15,2026-12-14,671.2,18800.312,A-9585-3
A-9585,4,2026-12-15,2028-12-14,671.2,19068.792,A-9585-4
A-95967,0,2014-05-01,2020-08-31,920.0,24168.399999999998,A-95967-0
A-95967,1,2020-09-01,2022-08-31,920.0,24996.4,A-95967-1
A-96173,0,2023-09-01,2030-04-30,1673.0,40570.25,A-96173-0
A-96173,1,2030-05-01,2031-12-31,1673.0,41691.16,A-96173-1
A-97514,0,2015-12-15,2022-08-14,604.0,16199.28,A-97514-0
A-97514,1,2022-08-15,2024-04-14,724.8,19700.064,A-97514-1
A-97514,2,2024-04-15,2025-12-14,724.8,20548.079999999998,A-97514-2
A-97514,3,2025-12-15,2028-08-14,724.8,20366.88,A-97514-3
A-97515,0,2020-05-15,2030-09-14,791.0,18857.44,A-97515-0
A-97515,1,2030-09-15,2031-09-14,791.0,19134.29,A-97515-1
A-97515,2,2031-09-15,2032-05-14,791.0,19656.350000000002,A-97515-2
A-97515,3,2032-05-15,2032-09-14,791.0,20273.329999999998,A-97515-3
A-97515,4,2032-09-15,2034-09-14,791.0,20225.87,A-97515-4
A-97653,0,2025-02-01,2031-09-30,1161.0,33460.02,A-97653-0
A-97653,1,2031-10-01,2033-09-30,1161.0,34319.159999999996,A-97653-1
A-97653,2,2033-10-01,2035-05-31,1161.0,34632.63,A-97653-2
A-97653,3,2035-06-01,2037-01-31,1161.0,35236.35,A-97653-3
A-9771,0,2016-01-01,2022-08-31,537.0,12689.31,A-9771-0
A-9771,1,2022-09-01,2023-12-31,537.0,12914.85,A-9771-1
A-9771,2,2024-01-01,2024-12-31,537.0,13199.46,A-9771-2
A-9771,3,2025-01-01,2025-12-31,429.6,10718.52,A-9771-3
A-9771,4,2026-01-01,2027-08-31,429.6,10903.248,A-9771-4
A-97784,0,2010-10-15,2016-02-14,837.0,18958.05,A-97784-0
A-97784,1,2016-02-15,2018-02-14,837.0,18916.2,A-97784-1
A-97843,0,2023-01-01,2029-12-31,1189.0,28393.32,A-97843-0
A-97843,1,2030-01-01,2032-04-30,1189.0,28928.37,A-97843-1
A-98576,0,2006-06-01,2012-05-31,719.0,18018.14,A-98576-0
A-98576,1,2012-06-01,2013-05-31,719.0,17960.62,A-98576-1
A-98576,2,2013-06-01,2013-09-30,719.0,18377.64,A-98576-2
A-98582,0,2017-11-01,2025-10-31,762.0,21038.82,A-98582-0
A-98582,1,2025-11-01,2027-02-28,762.0,21023.579999999998,A-98582-1
A-98582,2,2027-03-01,2028-02-29,762.0,20955.0,A-98582-2
A-98582,3,2028-03-01,2028-10-31,762.0,21419.82,A-98582-3
A-98582,4,2028-11-01,2029-10-31,762.0,21877.02,A-98582-4
A-98663,0,2028-08-01,2037-03-31,946.0,28304.320000000003,A-98663-0
A-98663,1,2037-04-01,2038-03-31,473.0,14365.01,A-98663-1
A-98663,2,2038-04-01,2040-03-31,473.0,14885.31,A-98663-2
A-98663,3,2040-04-01,2041-11-30,473.0,15448.179999999998,A-98663-3
A-98663,4,2041-12-01,2042-11-30,473.0,15547.509999999998,A-98663-4
A-99034,0,2019-05-15,2026-09-14,289.0,7386.839999999999,A-99034-0
A-99034,1,2026-09-15,2027-09-14,289.0,7412.849999999999,A-99034-1
A-99034,2,2027-09-15,2029-05-14,289.0,7568.910000000001,A-99034-2
A-99034,3,2029-05-15,2030-09-14,289.0,7563.13,A-99034-3
A-99034,4,2030-09-15,2032-01-14,144.5,3796.015,A-99034-4
A-99141,0,2023-12-01,2032-03-31,586.0,15241.86,A-99141-0
A-99141,1,2032-04-01,2034-03-31,586.0,15657.92,A-99141-1
A-99156,0,2014-05-15,2022-09-14,628.0,13282.199999999999,A-99156-0
A-99156,1,2022-09-15,2023-09-14,628.0,13263.36,A-99156-1
A-99200,0,2025-09-15,2032-09-14,913.0,32648.879999999997,A-99200-0
A-99200,1,2032-09-15,2033-09-14,913.0,32913.649999999994,A-99200-1
A-99200,2,2033-09-15,2034-09-14,913.0,34319.670000000006,A-99200-2
A-99200,3,2034-09-15,2035-05-14,730.4000000000001,27601.816000000003,A-99200-3
A-99200,4,2035-05-15,2036-01-14,730.4000000000001,28032.752000000004,A-99200-4
A-99200,5,2036-01-15,2037-01-14,803.4400000000002,31302.02240000001,A-99200-5
A-99200,6,2037-01-15,2037-09-14,803.4400000000002,31430.572800000005,A-99200-6
A-99340,0,2024-12-01,2032-07-31,836.0,26392.52,A-99340-0
A-99340,1,2032-08-01,2033-07-31,836.0,26634.96,A-99340-1
A-99340,2,2033-08-01,2034-07-31,836.0,27036.24,A-99340-2
A-99366,0,2025-12-15,2030-12-14,653.0,18094.63,A-99366-0
A-99366,1,2030-12-15,2032-04-14,522.4,14444.359999999999,A-99366-1
A-99366,2,2032-04-15,2034-04-14,522.4,14559.288,A-99366-2
A-99546,0,2023-03-01,2028-02-29,407.0,13719.970000000001,A-99546-0
A-99546,1,2028-03-01,2029-06-30,407.0,13927.539999999999,A-99546-1
A-99546,2,2029-07-01,2030-06-30,488.4,16976.784,A-99546-2
A-99546,3,2030-07-01,2032-02-29,488.4,16981.668,A-99546-3
A-99679,0,2018-11-15,2024-03-14,556.0,16229.640000000001,A-99679-0
A-99679,1,2024-03-15,2025-07-14,556.0,16535.44,A-99679-1
A-99679,2,2025-07-15,2026-03-14,556.0,16713.36,A-99679-2
